2
1
2048
5245440
2153779203
541334531
3236960517
2294815303
3783668871
2445293832
2169395919
836930888
661059670
3891472954
1242988414
733764289
3163004768
55818808
1192119088
2697262615
2202379068
3372467070
1049514111
649573973
1337452352
235643999
2045716984
4233098511
1070009922
177454067
3500669164
41379305
1485876448
3851784836
3948677810
989163524
1236832587
4128629439
1153434700
1291004731
692967504
2257217636
2132200304
1794059750
3427379491
1547609047
3666849530
3012634759
3532976199
2458113296
1767126512
1306203495
760099139
387939864
912330109
724053776
3763942519
1458247750
3074497734
3671863883
1999958052
1886042972
311178022
3033118071
1842583933
1182078028
1006131096
3554687108
2457709751
2027764290
2245877941
2102803533
896149134
3168880583
3704314513
329069511
1178638650
2395634898
4218520390
1245260251
2794521607
2269235719
3377982518
4256704995
168756822
793350164
2684577754
3226081664
1914675294
3091707531
1550339482
881750677
1617570879
799652971
2318526232
777776290
3807302613
2535231607
236658421
4158774705
3520562964
2737400427
4095195751
957786186
2337186573
1085266567
741666721
3127893134
1972876868
1687544186
3347011955
3051085189
1159422868
11840613
3239331266
2400136103
591716463
166738335
1383742507
3449276500
2828153003
3363014290
59570820
4278503728
1511082694
1653381784
1394663614
2426592532
1794352023
2894018160
603757047
414373388
3453619818
1275798260
2568303882
2795642401
2587326171
2912498343
3939501169
1362183872
4180639183
3055223099
1491407966
4229898989
1385156071
3213606691
1219056275
690528629
2393741212
4041090228
392945944
1538136703
656611433
2775731260
1051272555
4099264798
429911781
1982237602
1971338558
3001879799
3340462404
1160962004
524796093
2130004022
4268921391
3951703593
4236114127
3156118171
3562870106
4131842562
2682986227
3108169310
4050046600
2891502381
1187565147
4231787436
3221514496
3497181531
3396306016
3454534872
2657269255
1032919032
3136068777
3113470036
4096247730
3025041996
419404892
4022270013
2783803903
2273842154
2217290229
4154333113
3054386739
1943779056
1370907046
1715144579
3829573751
1652162276
2696076403
1591592869
1957615290
162864928
3932442667
168349321
3009462653
391979513
2137733078
2945718527
1164363600
3619485634
1408742796
70580738
2310767449
3487022902
890088500
3545705352
816830332
3326949402
3196538157
2694983404
3794248496
1403938210
3121006100
1574177379
718745848
3265684509
3698386705
1198536080
1407359078
3033076633
411615356
2876955909
2887958479
2696093106
1282639355
106522965
3902667929
2240148977
1664177108
1388589012
229708758
1172431489
3649364978
3490971949
1934244313
1476527615
1604939878
3439648530
556289995
1653807399
2281856394
2050801464
3879217211
3828515595
4156309963
1599732752
3336170725
896838090
828559370
1669096332
286744918
1147991112
2165040829
4100585322
4015021734
3048297863
28643867
2740508813
3950498099
2145271942
27910877
3597127931
3383485358
3676310535
666236193
4036824929
684937039
3028440520
3369823913
3776312156
165380091
3996622194
3854392209
2592271834
2374989057
2563381034
78231528
2967942618
2176537462
1379661710
2882486267
2962926730
3869847654
2814598226
1314723829
3435563118
762359321
2773633134
40874245
4130383773
2966843364
4077163624
1273418802
243375073
35332248
3598751718
613217321
1099049718
781765796
510311170
1156364760
63732162
1577283120
2722746938
1782827939
1865708000
4200353578
3480623448
2499212199
2240465776
1931229266
684021053
1208308465
3781919112
1258242238
2156675469
1688668765
1223826884
897795780
144613360
1165990103
3146252512
1313476972
605993994
1211641322
1458982700
672352513
2364101033
524352897
691681243
3175824254
2153544994
1905677399
886148137
3619064593
4096149502
3129094774
3691642441
2308622071
1050485176
166598092
2387179646
103544121
1279223761
3233588434
327312123
269538824
2954086933
164002588
1313605386
1693959124
308644762
1038883148
374667741
1585490466
4129485491
1464146454
641817634
2784597840
926879959
2747802874
1521187696
4158889434
1368033381
1511810928
599741385
4025095769
1879786437
4242468248
1188047626
1219934250
583767734
1438749565
518100712
4107632012
2475158674
522739333
1122384411
3454858788
3727887967
1676926515
3204650252
445598057
1262107579
4235333395
498816925
2160374218
1365784517
265125983
671332929
765811018
3354803718
1266578665
3872755065
466240467
4086058709
4232310404
411545916
1796142978
2136979017
3104132535
2270843108
412365897
182857402
336759447
642849839
778263711
3599603858
394415404
3429215237
2711376651
1805077575
2908842535
2686784593
1777893366
801597855
1218834328
38807106
75159458
2377249395
1412217219
2390867128
2731690010
2813731782
4219491655
1725550517
2575545977
1983443837
3784555068
2706602124
1211624854
3983165830
1213174952
2142439770
4225586997
4202818572
885631659
993916421
2430698065
247792052
4014914260
1739695176
3782041859
3696887644
2692490996
3661150891
1796527766
2838365076
3328094120
2351184039
2311679498
2276635612
774775519
1629889978
690452191
3936617628
3145356810
459394715
3512619433
4148349293
597024092
1319690029
2099514030
2579830611
2615422882
2248606416
2691165846
2198898564
1543989960
1158543088
845812420
472834280
1290332940
3178360528
3218390261
3263029334
4181819926
2996752062
163637634
2494177131
1680358392
2921932201
3238503514
480471069
1165884135
677806436
3081383029
4195914518
3243433917
1514814368
1130060829
1616409811
1141750167
958240754
1447034762
892009765
2307539868
2343221482
4078522346
1961936288
399828726
284279226
21544516
1278154197
1173683972
1275132329
614283302
2001402468
1917105567
2031556190
2873937756
4075693125
1639119239
1958392836
705057794
3490503553
3902606884
687260413
403461639
4059066176
652723586
4217764292
3185751306
2120365033
1744427561
2990208992
1013217599
2469914344
3807186645
2393105256
1199959104
165052327
3884310133
3630853956
1961541230
4087261352
2477618213
311829004
3820643794
3510911401
3665250970
3242286857
3541330796
3708477578
1489494868
2447157328
3600951914
2274485735
4237670089
607214776
3357853250
436241417
3997143024
1673359419
551133356
2637067854
1091443885
3185337941
2102934464
650165193
81029409
164441496
4042012868
1050125009
3784139349
4016222968
2312586770
4253227609
1523069864
235140715
90627148
3672625752
295601237
2964169525
3148587760
2648221289
3484897574
2488035002
621741527
4135105504
2926104046
2249636393
2183551284
1079641373
2535552092
3977984568
791385127
2257496586
2145806444
557899802
2226819182
3099798953
649089748
3812724158
3175609002
3309575789
3526996089
4106911943
396598194
2634067565
2706856490
3812991623
2438239066
1132336490
1319499136
1728890275
44279243
508474730
264703095
328203786
3652252394
1587981641
3027675619
3639024305
3457025608
3350559025
1868548932
4232185741
1280058797
1940455937
3577535099
2172307605
4049681904
690013560
2804179707
1687880162
3852777473
1101881739
3566911556
427876138
3966633249
3056616977
235500842
485351709
23041949
1712864103
3310689155
4254496477
3515233395
1580025811
3227620604
1591005019
1727777457
505676447
579888061
342959847
2976086535
1433238630
269334346
132513239
4065665779
1990494113
2088714151
4088947795
3402906050
4102013470
1825365204
3486745426
3932832046
398024429
713256776
1121254076
3862939206
3121433304
2221029968
1303203009
2418742312
3608040661
2714417110
439336493
160140511
848741254
628119399
1843021605
2263000974
3790525305
2362004753
2424210956
598918976
3995787907
3620166209
2365212419
585339918
1301416370
1178431224
2749816099
2181912926
1011919225
1242568690
1092306034
477360690
1160267389
2487686182
2872961253
3506911449
1344149744
1354727368
3576541186
1426254683
151893113
2540534538
3336549309
256481189
2837976210
552463468
4070695812
2410419378
2748339063
4223796240
3805163276
658392452
2694930963
2534479600
2770791015
1369316377
2873470958
591187825
521230834
2076191396
1796014484
243527915
2218710364
4132464135
1373306827
2765111060
3768060445
2244832072
3090252108
3022600399
3380314954
1320491941
2272995481
390448004
3761075862
3866622548
1970138343
4111935502
1581321388
3428376544
1732405566
3208215031
423103789
2343698664
593706702
1888237647
757693283
1851511725
2143558833
2059158158
1124864384
3039764330
2151092328
2566232701
1606307626
2092116113
3209539463
3191728741
673263154
929886873
1240749331
3048558279
2535511222
3053939199
3241191978
1709186321
384767727
2984397272
3858818996
3373734202
1393791838
3708666735
3397121278
68765181
3149232234
1687515137
3854120217
3486989976
1683102507
3107753586
3599744234
1511347315
3038636446
3890644388
2235197060
2434115549
2686164040
3384959841
2281690963
2570001282
1647638849
2519640013
1099266745
1773803819
3648239107
5377042
1048820527
869134373
2197999907
2414069079
1198738313
3013624225
1879985462
2269244494
3323001192
589934257
1133151260
1076164362
796894215
26121928
917281696
1526583608
3488225178
684295504
103441953
3145736210
4243452368
498976802
551238435
260245675
4201422453
500486162
344007103
3301012359
2251258182
732244532
3563829612
2064492361
442156071
2782191449
926472220
446492826
1224167696
3262930810
711300409
2990763974
2953955327
2142683190
2884405883
3021195581
3454318078
3518003122
1426434724
3159951765
2421143478
3369799551
1227294038
3268584572
2076654051
650100692
2930729310
2644554139
183592982
380202098
870034541
2775943357
1659448991
232883088
3813642855
2491385706
3693177347
893659560
4046674853
3769536774
1173611491
2412541275
617059767
2087988720
3566216024
784635963
750854172
357792720
3752721486
2008530537
3767707835
3861067492
1775094321
4224050439
2114220056
2863135869
3669111625
4024558830
1305647746
2265464403
826182825
3448621839
4213920093
344051542
4177755107
160345531
2272376545
2726020230
1859270960
2917660471
2696691998
965863299
1102119691
405024918
1804525418
1369130190
823523188
4228587672
2844212302
2758783698
1403574397
3943766122
131763318
3095609466
2202103669
2583046090
3223669320
930628706
2676256654
4048781600
2497799231
3700025463
1172478563
2925185563
2647351657
278227013
853073607
3584150424
2048171390
807320387
1583798480
750005952
1550982093
657046157
1978635857
1407081070
594741576
3837657305
4262641625
315726917
887927423
4079519450
2969517340
2107663080
3359862797
3383756926
2117290642
2546016134
3279330927
2509453345
2139193093
2626964953
2200940424
1581199789
3130468539
2520854148
2237024089
1366703289
3748722793
1843679572
4056777254
906450718
226015666
592886452
3364805120
1562400793
3525333209
1397120822
2375852670
3768362667
1006060613
1501091024
3918055809
2243135737
2477273885
636122423
1985353183
256730562
1425587790
4176241751
3422985266
1883745418
1056729244
4126788605
3209116876
1923235200
147563123
3562513089
4099577265
3612243129
3899189920
2765736047
1966846069
2738193158
2115124662
3768804156
68842599
1595671133
997862307
2251205039
671263379
3578414702
3004537396
3392499959
1862504191
4163468977
3685755216
713091537
3209404649
1637023857
4184803573
306459356
3228473642
774745293
3361501337
1026841586
3579180851
1865480738
2918415254
16719453
2287909327
1966920564
4231211262
3740982392
3652889647
2059331985
3212849833
197280549
627074321
3328077923
725055318
444723436
712858257
1849108638
2455455213
3962698426
1462252323
1067893171
4131356328
3759441625
2170964163
3149080560
3787877354
730012894
1831942289
1247599262
170511019
1312442791
1641756823
1614697640
3908064786
1293557230
2100231232
14256868
429234193
3860051486
2022624775
3070425132
3290533492
3507619982
465016594
2843793675
1780362312
1656881665
1328919304
2965039510
1477086078
3590205184
2073718883
1127580458
1172477465
2666570651
3809181553
3469953003
2387012296
3704259069
4081307710
1513347774
158215700
358028719
32682863
2532171225
2433756571
1012871491
2178415838
3242635936
2497758104
3121063632
2624266796
912418773
523799640
24708572
3535706143
3936565085
2884567196
2796852675
1498669770
1863864692
711884557
1907526491
4182833902
121959529
1820719088
1763462433
2863780543
1951467354
1239909122
2049948852
397265741
942797345
1532244666
3348055181
3078729332
2899716109
512835241
1777403167
2836235895
3440944083
3488948830
3741560560
859386219
1815255966
1730385933
1432664833
3128512964
1467440858
3886115890
3539146272
1866274328
548002067
4046615021
1779616276
4216950562
377603460
343370332
562846533
3988881035
1852289525
758548927
4253496594
2864213236
2772874718
762268856
2566636915
430302582
4145871113
2616585592
3581930986
935661567
1547975799
1351435464
3412929190
2418478213
2245943119
1208259499
2764671896
1183600290
547276274
3516845532
3898850256
2555863930
3190720782
3185825330
1774438494
1204562404
1174854781
4274451678
2168567981
2608785587
525156024
2530606129
4156081064
2038986143
930703043
667472608
2518473360
3247499706
2780162995
2315383375
1276112817
1280730980
2779404818
134788146
3002451492
1761918330
380159627
228128856
1098601980
1303871228
985302398
2676490098
2602032965
3079023646
3078363593
2014384270
2743580206
2994114690
4142948178
4032493459
689881769
2425225450
4055872582
256458981
3552869597
2604461395
1321941839
3422284041
2698578728
3475154135
2518510813
1075278398
2888222119
1391987562
2506362905
3855286795
3012471144
3642788866
2490262368
1783136715
3592341876
4047382045
861187322
1278244800
501786360
3588723878
3044696031
378890432
3297705482
937286075
4080821585
740299807
2304576915
2397821440
1044883373
2881748372
3845506220
3156706055
733346273
809813438
4092316124
1551854345
1443674804
1723249757
858175202
844954195
1027231599
2183870443
3819320249
2726188178
633417900
805179847
2446707288
551985102
1762840888
2465496233
3241207096
553405226
2693162807
2452725779
6401457
2336856754
1801611743
3449035232
4121619559
19983283
1092333681
2465775235
2194594910
1232743657
2027346574
1390872209
3669307188
4017683358
590626776
1000782790
1767231891
4219956843
1972408186
2818759820
2251102411
3955127517
1724864743
3239780612
258362118
603160385
791505510
10179761
259406448
1114607969
58345719
1863930804
1362475600
3096690921
4103567879
3963082931
2640303853
1055896094
2839431272
3281106190
1889921784
3532648878
274743669
1056970861
3783550027
2192505589
3724447075
3375972617
297859124
1421328640
3704955120
907788267
3768537826
521820627
1221629008
1653517444
3942027960
2896417148
4106568735
2563430079
2608783722
2830686400
3755065747
2685253007
2928675563
1706799609
4075706590
2126542597
2782772287
1558686386
1722387709
3666740083
3692851447
2531042748
3188625884
479612915
3039346843
2128140069
2994474175
4222531111
2246862396
3798330710
452187972
3069255014
1226359328
2968905769
591324550
7663572
4056492789
4290747272
705808412
1099095374
907557328
1489788302
752548629
4052875679
2901275463
3265871537
1885669322
4169764141
1769790085
268046202
3224256228
2586539333
3722023628
3180577293
352920320
1971456887
3194270143
3018424444
4070939126
1292745968
570705766
2355352083
1514007301
47041325
3260588248
2242452241
1497147705
3584165195
2171420096
2661552690
3115593210
1860971057
755769619
2921273255
3552549656
3006438265
915276958
3978341356
2925767049
1656332122
210793730
4181943787
3983308048
3857558646
2509200594
3639393230
368168500
3442707423
3290010017
3624786837
1516782101
2054606964
2918223859
481743739
2977076650
3139373898
2582220684
3744430931
36530067
3511034755
4162238172
785290275
3936401876
2407167653
2320411653
662688342
1474253695
2546958968
140881366
4253878324
1134675837
593760957
2427241724
4083934903
1064013612
444430390
4206677851
2659740129
1667727189
1108304798
2150457294
2866768866
137944945
4255505819
2071026772
2251031120
803739864
4120388417
514057116
1951695674
736866727
1864386639
1592028022
3783227659
3995759430
195200030
1640714110
2939725399
1980242282
2006856328
4228473528
2255557771
3487422137
2739391975
4143070185
3024967708
3050107716
1061329342
4173154757
2754499859
3415715221
2539663585
4226270861
3247858136
1295650036
1725751953
3020073831
2106924453
873390509
1962726747
522128180
205044885
2090893412
2619794328
1113135964
306866221
4091609726
1758856484
1516260946
3605644026
3145239644
588237712
1787657781
3658685071
65259015
1155481825
3307270921
3348640114
3700551667
3367501665
63140781
1601958145
2423507527
1616529493
3395846855
2668923496
642951234
802173147
162576542
1454045883
3946145945
3299158594
2095194002
1430634781
1682710130
1164869456
1863864225
3149934408
271639440
1105372449
2723315291
1295899972
111142741
3749677910
555506273
816665447
2163357665
1698816819
2339784264
1133821953
795077405
2413391013
1418386135
2290507964
1740239815
2132347996
2079956495
2143871068
1508529464
2238841001
1608044858
3921703033
2441876835
1110020461
769699451
2001186776
1361296035
967731707
419824862
1708425358
460545739
1159672925
2551560312
1777746953
3139168553
1109705581
3377281442
1829182367
413923513
4126850570
3646876167
3949235766
1623984943
4042192352
175236424
2980924356
2049072373
37257278
3742020349
3306967044
1781988329
1967236048
2861805539
2843594825
4136088945
3434853777
3707157263
1393606194
350502894
1643059533
2890929865
726623766
2898315493
3279846687
1633516492
26284406
2345624616
3538923598
3030995072
4292887816
367092098
1692280015
1463579408
1966345032
2427379940
1148432560
555599098
3292316565
2602540097
2074764558
3690515438
794024850
4249856453
2987282983
2236891349
477467311
995466197
2965179525
1110718673
3061304154
860716556
3433889323
3371723850
2260464233
1488678129
385984459
171118651
2349881139
1825218153
2273245974
304310706
3769143740
2510984010
1204273112
3325321358
2742359140
4286464057
3057778053
697794309
3079020360
2423487661
629992674
3534869118
4160807911
58298375
549670438
1683770523
1701817699
4101365070
3940735754
1237586132
478865799
1318650180
3489377176
369992438
996272171
2984326831
2929070683
1692889731
927212398
2717476749
9134649
500649813
352385346
3829949090
3812924968
3257769293
374615816
3341569238
1455606254
597252988
1863388562
3182433161
3581418813
2290375124
407635146
3770794236
1340159072
2933553246
4119602101
1471177929
896085386
317787909
4086673594
3826144480
2397829376
1900802398
4158467549
2191051701
1361010780
1304774176
2121440056
3184351670
1910397304
1477382997
2196330293
3045077428
3253650573
3526718699
1154015978
1143811045
4098030962
1672633160
4285073812
1489005266
811203933
564594249
2199966091
4075912662
2565724250
3874197449
1102371783
3674202585
213473987
386840452
2740767859
4039767082
772172269
4117868594
1730714939
249500604
3638025504
1157159116
2573957413
2372238482
1910917142
2991412666
1427069942
398268488
2171874592
801251936
1396243351
4218633217
4186144332
3877379511
3963690561
3500735096
1082849225
788883294
1016651316
3498033897
1072454065
118182577
2965107530
2930228686
324665746
455221938
2379243138
2088139216
2814727053
1612473056
1387689830
151786400
2012069347
2480564976
100965476
940553577
344214628
2166486278
3011848624
1126520174
3787204992
2045969707
1175823485
1819964349
3176771439
119856422
2527634577
704461322
3343070619
4154295628
210268831
346175331
1759708463
3590418300
1199299337
2334674732
2894162040
1894483247
28220304
765225769
3249443825
2006772540
1475710277
262696352
2718089756
249337301
2806294531
107572240
3509065843
2288327529
1830924953
1425192217
898528819
3430338483
1116216308
928983442
3283046125
492205126
1646942521
858579490
4285442097
3889648787
2389856708
3101289251
1876325937
1129182467
392785916
3777254912
1468433372
1480552783
2407056948
2521087382
3722270699
3631561326
1056303778
2005928361
684903600
3322520482
381513824
3028270035
567835149
1846902710
592508528
2521642856
1420497285
1828665455
559442318
3554704453
431199635
1374833078
594798545
4290737078
3282803159
3425308946
2822724815
625918438
3867836924
2332496162
1694635283
2763095921
1281274298
2587987827
2225362590
1630965687
1510805321
2416571979
1718199066
1927904574
2039387293
3475195422
1251523833
4176296769
579063940
3390412000
98962874
3746118163
3739347311
1590219346
2547875151
3795317353
2053404513
1600563028
4079894494
391080515
2040910285
956419424
3651344952
2672691258
3426445032
3520472717
2554249244
515646692
2635220722
3203319179
2117058842
1476871102
2525939598
28989321
4104970802
3208167811
2240189541
3555625405
131210801
3692176622
4241189743
2292595861
4231482031
3347364070
3477321889
1656036426
2399049793
3152302005
1110778088
2837772720
1757648317
930695974
2234347497
2411465381
901073061
1102970840
2089850851
2127009475
3449658940
1853309196
2491446194
2168812710
1843644288
509364310
3901855485
2208988601
1968630220
2010080200
1040800042
83195888
521686710
821252961
2187850907
1732864738
3392643896
1622488641
1639603883
390655890
1586518681
1449820141
2407038645
2460427280
2845698790
3335839495
2062881882
1638141263
940632067
3204497252
3862702971
677614522
3751111226
1723584748
226853109
1760094968
3021588722
3051241433
3130706092
261184848
109272351
243849186
1481420658
3160876551
3572446899
2000541522
2871093524
3222153116
2407832465
83271347
3309030220
1419038627
2365817858
4253864784
3653620962
1639755165
2106807098
75427691
2472015080
3881817479
2540207429
432319647
780063216
82502007
2444302247
3341238428
189342013
4014703003
2213824522
1902542656
380054301
573566160
847137900
549472655
2587109589
3782171759
1066797453
489688885
2204603988
3373402848
3173488997
3061165548
1225860780
371743884
2262050114
911988323
1091239739
447430977
4283655445
125062017
2767451498
2793720989
3198141107
3833770922
2367567740
2210443118
714828108
2891942262
4140743933
645223699
1305977596
867757348
3291011486
1055619351
2600844091
2337482712
2964363281
795347921
1128269783
3186275818
12296480
3554869391
608662244
1306478117
2944679896
2224263059
2875894720
2382223804
1291656429
1195711067
3770739705
3556718534
2505274123
2803057733
4156997409
2876826037
2479089360
177442975
3800420025
1286351785
39138275
4086176886
338263651
2157493165
1047739214
3911167154
2414604725
2822415879
2485356578
1472909185
2044334406
68076417
2439050605
2409094417
1975867107
50321159
2506877669
868669237
1807354508
2914119052
2560818963
2341199414
443413968
2859057935
3529131246
633682600
4046648177
2427044877
2678891739
1617290142
4253660789
4168688854
3207458750
2211638359
3716296647
1619993252
1268777670
1026818385
2259071772
1860325173
1855236853
2387973182
1157637339
3392029503
2539853483
2990239001
3265905048
2643368456
923055492
2025635135
2391525923
3616061490
566934347
863629439
2636300324
2707545469
2271686518
1417103108
1662970809
2709620931
4264639872
2220850878
458905362
4170688401
1901762496
3824191731
3222629444
826794116
858513737
2338600208
3860458313
2498228196
2591170806
2506386504
3913288069
2710983404
1019873928
1716187484
487599759
549329015
3072939812
2541601489
432293267
933377714
836140219
3752705367
852913690
2666904013
3511988520
2463824441
1170714065
3484618254
1558502391
3755529700
3071946333
1159941123
4272269890
2746927681
3958000446
264473215
4260245324
3854529196
1773403963
3414624766
3124241145
1341038389
2023135491
911886626
1839140899
194657050
651030836
3678274285
3046686901
4070556777
1283561444
665609976
1532464216
3217218689
101851877
2219742396
907904185
2404393834
763189829
970673665
1539492723
3386940631
2104104549
983095063
2577014418
1543130195
3306784925
2076621205
2820433771
2927503858
2112672196
3142644821
39417906
2867476564
35249270
342971140
728290031
477610987
3112519703
4169794257
1058781749
2666468410
2930150024
4093956817
1019617183
3272984296
3803406683
1050873796
1570342442
134068769
2412440873
3376654160
2989912622
1046710845
1898201816
577160549
795206308
589461764
4206104360
338786753
3782343983
3422978278
2029812768
411890721
3284997304
135044202
1377049398
2716292966
2179112508
3420383598
2772654027
3097378996
2122413707
1030130600
2121315760
4228799051
3919509566
811091287
984870555
2850668884
3333609379
3042934026
470545430
3590254816
1454887764
3271047368
1747784436
2995696403
119183322
3765280514
3343651077
2521969712
814320355
2095144474
928848135
4077164656
1104726185
2095335727
3170910953
760164643
275200212
464393530
2946312855
1030533727
2577241812
1685073858
2022449517
1447060460
636133270
801947982
3378027424
604806899
2414363380
724713376
1203433152
651889071
2378074490
480790822
273389507
611868644
2048840129
3094795726
2345997124
86368417
737102101
1916853278
1790764287
1156894697
389532544
2483618330
3850259186
3964313655
149696668
2581987182
3013504606
2299116004
3793492079
3409545446
1224951237
2285811001
4248323862
190856593
34660756
2217143104
330162477
1975364576
2391780107
454339028
2846838908
453356985
2834673068
809690194
1333730359
290747457
3225058732
172052264
3969847414
2185651036
1600532842
2033303096
1325219518
4160734793
743935458
4203754599
1041155857
1516819106
2195789675
3372511138
2398351303
917066918
1037505846
536358800
4168439092
1763808616
967243089
1548015479
3306488511
1634717598
711198351
3349899364
2760025975
845289077
1798391944
2521264437
276004642
3961318067
3518634268
3955967994
41659069
3767494485
4104243093
1344557659
1080314677
1187818988
367696345
3652204992
2254610674
3392124235
833883836
2044034495
991173546
3761417509
921542030
3228890559
3656255243
780585931
2139543123
3159793203
2435682525
1625755775
4137944503
1955130450
4142546598
2153208084
1096481651
227492610
1123365210
36797576
3032641339
3421840649
2962363007
1690433168
2929278871
3105546589
4215582972
18510563
3358639763
636300913
3690772054
2202242399
872755366
1325077163
3163991804
4209563530
1036458969
2701540124
4142112884
4138297274
3460182447
3092704221
1074718999
209918580
3899955204
1659148398
2182533443
262737049
3348511529
4014607269
3475225009
1483449838
1963155066
4041540160
1669334972
1319219919
1763464535
3546371390
1793909218
2772830415
9901993
281465994
3490618277
4110425770
3284246530
1240536263
2550509034
820929249
3305371525
3685037846
1800254906
565971561
537451485
2019232763
4094992284
3528635310
2203706395
852085331
3381579728
458723610
370158494
251672364
1332067186
1338849410
2872760208
4063314144
3061680846
551426566
1341342596
527316900
508517781
975850035
4014709501
2696971284
1397436053
2189015781
3380074706
3661644651
1664608047
1578764961
1363968688
239858353
3051721600
3580636073
2141550892
797344989
1618968231
4051732566
282232062
536165569
1099314657
1148537742
1979963159
2614600520
3426227904
4064078788
3032551880
2899659409
1341884892
3677061984
2087748460
3752251765
1819374531
1671325083
3060519547
4204147945
1462922830
3606773856
2656817450
379769992
3319000042
3109598830
1126312211
3552798759
3077018105
3865090041
3407688051
2430183802
2502958529
3785107876
3139050496
4110948889
2049049992
680819332
832916346
3300822084
2603019807
1249192977
3886804264
85006152
1785496940
2045002645
1004174503
2540595941
3988310154
1163888694
210674994
827454930
2263024833
3863580403
3771926344
2884596855
3885405727
1812925113
378672525
1520461799
2753911239
4066498162
1218296687
3326206767
3615449845
3886737933
3868275268
2754249935
2155364861
1458993642
3805912568
437230664
3642807761
3854509607
187035202
348835395
905010100
1517211742
3131405867
3313078273
31783205
4225296640
3104252748
3570533141
242713899
506356795
1928018994
3332852872
2818544659
1426168610
3344534624
3828790210
594611660
4286524667
3191496050
937754739
1761961201
1696894695
404525318
850383315
4159890214
4095702361
2177209531
1203254341
361084826
1579585556
1023519747
1362233675
1159087804
1372768815
3187610031
864617655
2086063168
1182986561
854444761
4037334953
3928560330
649706366
1818794910
3357297728
3218547753
1661682861
2388874749
3033733080
1654821649
2195719990
2519564393
2379735002
4120112426
667984279
2529150766
4097654205
3585169972
3533698674
1447286338
40786202
3888289318
3805382836
661776150
1607493573
2592191906
3700638277
1364151285
1779775349
3614910913
1975356069
3194761960
3622811055
2510031268
3742910802
2015682070
666021764
4219087098
2023763003
404378644
3166258777
127464253
642332485
4080260335
700230437
608749996
1406426080
2033238797
452267920
2238441368
2977323504
562289354
2083545024
3250063586
3706176441
2312070440
3273526198
3513362481
2451941169
4100874029
770965528
2117861722
658219915
3271660843
2379153988
1270649705
3474464697
3213832616
3889537136
1346668054
2327733225
2881378513
218284453
3227182298
983208483
1921509494
3959746763
3488786828
2261540537
2821162105
701865828
1191171394
788249972
2149970869
1391977867
1522060499
3291106897
1991064935
3804409371
1988691842
880669565
2784012802
2677021106
1011101793
3533502256
3046750241
232587304
3285433933
172536836
3952473282
1484518908
1389632491
1363905847
2984525728
13702695
3580395865
592290205
2755596762
1892726949
328445031
1846534903
4100406613
67826265
2618570596
839864816
1611052729
459835210
376318527
857197372
3297857464
3613322909
1353972758
1090278742
1296619649
3128501795
873815433
2169406649
207643532
143316251
2567148243
2305147431
187158786
1593165650
2102502658
4161091020
1591735496
634642547
4248762881
1799187075
4044015723
2497173195
1568897586
3277637783
1494170725
2709976811
1262635707
266545761
2720730026
2603050986
2498099421
3374903357
3554743263
2884755304
1159264675
2265259231
4223632822
1061830734
1040536039
1309166564
2932894916
2497712113
3125042643
4199292933
3016254090
4268110613
3121123682
1057616211
2850725137
1598195096
382823715
1009502789
2423822781
1420329393
671505629
3138184046
2735008325
3439772404
2084699302
543016370
3287157247
3790446826
1907921840
3187220540
268305497
409273282
4048253421
3546600036
3494121487
753704486
3144851179
3813554713
331160862
54017913
407848140
1295383538
157222765
1798143720
663359189
3405637602
850874034
2108881898
2476032392
3605052602
2263006253
2431349716
503005753
3167283820
4169306545
515015047
659147966
3476751813
2251439248
915670272
4224128148
3053430590
2932457596
2368865458
3633403838
3236696506
3781346639
3355338127
2765590879
2785278940
1734481521
1997322670
4073824061
1129708926
3143569539
443457044
1455561482
2120409630
3473300950
2824197833
2680381881
4108974441
522920879
412180576
1824235233
1953105968
582341955
1420829973
517359315
1266364350
3722900186
287210470
821444311
2708868629
1895932548
4172616213
2175877007
662296839
3764135607
632874258
1456742905
3653152105
2509097836
903849041
3913009017
3540450645
3323743315
3861893855
743240529
1560279258
4018467509
4175095351
3627436846
4091940142
2737737809
1212474564
2277948540
1353705944
3568409962
943577733
3482579242
3587977885
513372531
1331912091
2337598217
3182590871
2448416030
252094257
3838839196
1122027049
1412576109
1962111553
4166032482
1275256499
824911352
2240082930
471843713
630194272
2017563043
599313159
1232183291
3472547910
4015870760
1831848354
780358652
182671930
560118939
3515491739
2455734603
2641337642
4150228607
909303403
3728450324
2163133356
1649304873
1334286616
241473125
242862364
966796414
4180327282
3895121447
3862604573
4053462082
420343775
3259690133
3237353174
3046880097
3138524897
2781299185
3300582563
904775796
375454436
3285587101
2366278919
4166275304
3867848731
731080842
1914512540
2381882319
3818067866
2244449203
2206447751
3230708478
4287199500
2164732967
1403680798
374602454
44995358
1475722769
2031323471
1974902891
3946495376
1648526521
258156072
2458890176
2711260252
3347555629
2798023077
267000600
1397567108
2837235254
2517264642
3744032534
3926942339
3874239788
1500168618
2659973766
4041985538
2721584875
91370352
3299223184
3693111362
1110748380
3548579060
3520542934
1329168523
3799500692
334303063
1420377586
2356063729
1622695951
2186105461
2614956863
653763735
1447952528
4128486906
2796123262
3816858578
363473304
1296535933
2998285378
1434152544
4215430872
2102335648
3720891167
2063724536
2280769409
882073973
900184278
1868251406
1022570532
589524246
1061524796
658223548
1649533781
3822925588
1234574986
116669159
271565632
16335981
1841830076
3254279544
597648409
44169881
1355540001
4169753175
530708363
1684176735
504590220
927910473
1095963765
2819203389
1443168900
3351977559
3489198963
3922403755
683770177
1394544899
3593205017
3973248251
429285986
2954297851
106317681
604339174
2599947261
362230705
2512060571
514896368
3077622012
2230639489
3376314305
3142624793
1174896726
4055280824
2823494081
1763057653
2812849535
2048428190
3534066078
1030952327
1507351493
3362489592
1531842987
724508274
3568132264
3256169838
1111594600
220972006
3594764125
1755707125
849487090
1579752899
3350738780
113206103
2788031368
2473085069
1967622157
2173152557
1569410762
161080308
3364251975
176738484
2244023945
2459955655
3632127063
2241665383
3051975955
198584741
1304485870
1450956721
1815164128
3809079646
4268126358
1384452323
4193231438
159469581
3079828120
452785053
1343192145
286365578
2994728244
2301874489
275268823
2631185108
1752423119
1751882970
253935864
714341742
2868864072
4094587539
378896131
1315077041
3245967381
2545697089
732117469
1344815807
514231272
2952012326
2105572355
1548324329
864869273
3754163951
1145316216
3307874651
4109052555
1920327472
829662700
2884455464
1938187510
2601096805
1442417888
1655168554
3454958635
2736446710
620176014
490404033
2595325290
2805455698
3474921393
922898635
3011682305
1636525252
3035678866
2619229893
1716565172
1073603062
947141175
2358200551
185432596
2043137549
314253767
2426683486
1076076843
317230058
1111229807
3449299422
3656265486
798404023
1988811001
475831115
1280991697
3100686667
3232779380
2618102791
2351548106
3562667626
3382149721
2043066385
2463763305
2331851419
1491831024
2323364037
1795072302
4073044136
901367687
3658494222
1258454226
1619786367
3205942859
4038119829
3156134117
369696112
813354340
1052091761
1321706804
1611799100
34777960
1370151203
4292010953
2018005159
712503798
517887380
1725155806
1964190776
2918818694
1568303019
3973060615
3436484546
4187265010
880254771
3999408049
2812573901
1196107126
50906521
2687820330
3928063954
1632401395
1438960293
2266158410
3809787368
3179964182
931943597
677564854
2443936847
2498005155
4260557116
2864935992
878418011
2927169842
2166094374
2069954588
1801164145
1046712107
37699889
1609365761
1978056737
676297850
2352152186
646797334
1742591406
659968411
2106658707
1049667700
2917460235
405198132
4283590707
1013034810
3892825220
141517105
3631405727
2348361778
753664951
2573722145
2076121170
2300352972
1856307555
1792119321
1199049812
1929010278
1989718049
2208693667
2949434253
884583986
549136662
3081222630
3910103043
3641583330
2632583295
1930819428
1572850661
1780915169
3852399686
2846688967
1432389968
2139728448
475054266
3586890002
537012393
4129488856
3738695229
1572169992
3113391433
938949700
2081233543
301382018
1538556780
2495401471
338029265
1755247432
2020688069
2226759417
2194191567
857791680
3709039509
2839620144
176171969
1171095891
1585769698
3629274330
1694049778
1742087626
3215205711
3508456235
525465002
406905314
3549003488
2349146840
3534864648
1895695306
3242582650
3248563852
2622356349
189679496
37650429
2736628470
584712315
3414868994
3441953550
3241190283
907404338
32179268
4291540950
2485275340
3832521621
2877257115
586415812
1621006434
1202171369
5274357
3324843364
1091773169
1747924256
3429753685
2919940821
4068381390
91806483
1601009390
2311637271
1736147803
2315847285
3118801950
3591104164
76734689
2960207202
1344249176
1424800107
854217444
1046190526
3810775194
2411733463
2818746155
2507708440
3767601663
2580741078
4247389177
3198575842
355109364
1028843492
1267067389
1039027387
3161058505
1660084700
2959802789
519875210
210889489
923892291
734872719
457878061
2480910999
1358343860
3845494974
1448172967
480316443
606965347
3001365579
3177684016
4291451466
1810723808
3352358476
3260049337
2077676474
523923448
1343511927
675343826
1857513450
2646576906
2527951044
1899853421
1968265848
3446080328
929787407
1247094444
2644793617
2746296819
1972267094
1576955317
3440334848
403987719
2051630034
790597384
1873151099
3731399416
466196081
1035295968
2645903788
240258321
215332672
993840546
1751094069
1863537972
2283939786
3156361372
659218559
769627882
275457407
2983933187
2633964079
227241009
806906614
1037938185
1640064696
3617912843
3261413956
1593905462
704782821
4077558401
2008069710
3860388716
2196535229
3965017165
2184751266
2167844616
158388756
1362543004
2364404627
1516336845
1186258728
1790375588
792135553
3377255141
3261818445
1404709807
3949674815
3320474124
1281057592
1652041543
2128064591
1531921
233608015
4051309567
3956216894
1926261439
1996149103
1464649990
564460488
3146601743
431716113
1432215642
3415526458
1148054225
2839948895
670722129
807191008
1370732890
2142206442
140920304
1394247833
2029384054
3940312394
1250360655
3345071700
3320276542
2515319336
3682040060
985575992
3923472373
3995756019
2357748185
3943641399
4107844039
3392340732
3828523152
1292294990
359563443
1876019961
2338022375
2892369844
3693014584
303908636
1331816899
3115583511
343571375
1256409563
2511998919
755951286
2311491957
2525534755
2266324401
792455887
1231321285
3981250491
1804100151
72181570
1833986904
3965844906
3916650972
522111257
342316362
3034111013
3942668120
4116448996
1661489393
740538093
1982177616
45655437
1751212636
627085979
1598329686
2896336995
2418981384
282547482
2949646482
3860962430
2841228737
2445080752
3102452950
2125963566
73454667
2781311286
3589232292
1790032729
1398409575
4221228999
3732837645
723783073
1845126195
3219973113
3799721951
501085205
3433622636
4066738977
3959597600
2778005943
2585688829
2532327680
3581607041
2935404895
2528928805
354745989
1764956118
2084191463
3058690723
2261628259
1682043672
1996309204
546867714
3171259164
1768881662
236803984
2685526802
3879794885
2313962662
277923913
4149250442
2507338098
4077837596
723409394
2062460951
333584698
1732032208
3677271387
3950322085
2029034490
1910392671
968493305
2276651416
1326296465
1403406301
2192786305
1963595275
1418826283
1002559005
3975082542
2590898421
2086142780
2045141844
3661151550
1260750853
3480071816
1508316448
1330764957
2874907704
1861782352
150239237
254375545
2110459879
612925596
950293474
1540596495
1459474069
1010237400
1470569504
1856889255
3891934446
2547492428
1924173466
1682962521
393635994
159052115
1604824444
1412376473
2833706967
1259347678
1372144764
1175692798
138630588
3337627719
3724807192
961318139
1919501953
367240919
2560066718
3961480016
4054887652
2366044032
3891119163
2923499207
4278454189
2041170521
2177341076
3982602812
4118544795
2464460051
396450578
367385731
4203097101
1113306816
132731959
1151433219
1139579622
45671523
2649177034
752179800
3833147535
3379173656
1050069684
960608394
698576284
3459321128
3097627050
428599874
2433091014
59663390
2836239051
636977069
4247341212
4103416248
620977565
2371576314
3195081066
3361732535
3264969320
566806526
3187763414
1830768006
514311931
1658730272
2051788091
3914516754
1624763858
2897453541
2117752113
116528904
2703659656
2985172410
1512169595
70686236
2732051556
2381327477
1901819901
414335945
449837075
1949972354
3813998198
710916941
2823151552
1001858538
1013398875
2802967170
348800921
4011757910
397047056
2453743605
3971663479
449682472
2762982874
2005313792
3380467021
3897264684
404385807
490872339
3132459075
3969855866
3280161961
155747253
3211050975
2271575818
3186111243
1616297743
2027097188
339934735
3270512187
2749570795
468935666
1942444414
967113951
343976627
2810275068
1852518490
1995963125
605144630
823720366
3226592703
162194766
2969267077
3706574296
515680738
3370241588
1664107481
1292603637
3981686435
675190919
2397860797
2378353820
1796278757
1515321387
174120224
3499955028
3134468092
1034277833
3351530114
1544996771
3777761456
3297961423
4257552405
2286897604
3843661593
1923735500
562714844
1150395872
2314044982
1485507922
2932790684
4095270118
1505695670
473342604
170671657
777240510
1365995306
1324638440
1312946607
1335319634
1245155682
3346653503
3482401974
3365680319
2118550020
872635053
1154269472
2165122095
1267285711
195500891
2940933845
1438963454
1529610979
2008245585
3795312482
1151593260
1310234249
1212633972
1409791531
4162454669
2416255879
362155681
2605444744
404135844
3592204725
3937199898
3774514654
2509980867
2435656815
2268484171
3478728920
3510598471
2104375132
1665578849
658980345
2410791881
1206718808
1813247616
1944924386
514378889
2825580857
1469874805
652678076
1387111020
2156517249
2502381878
3959978384
2891835383
174015679
652329713
951913844
3908191001
1324666067
4190601274
722169001
2565062058
4088476631
575466564
3433339513
2490068781
70121040
1480143142
2978326303
1076882556
692801291
4294404354
288418436
3344890214
2394023678
3126797622
3480516095
306405867
4140297702
601267075
3421299978
3498443060
723167431
2196167184
4022823058
1737666130
1007281941
1395202169
277286006
3564118976
1663102385
2643755794
872965774
4100131042
3380735190
2809659848
299463657
311051642
2109889210
3896672951
100259292
3433220766
2328118920
3597963947
2823755432
129299166
4015590266
1027011753
1575876647
301898399
1385960232
1063106632
404605035
2048589021
1431450402
54994160
914628737
3353155692
50125713
3663675665
3080794504
2828997078
951949200
1565152645
2130381115
1773417150
3955433442
2077198872
2727570604
3534602678
320601622
698590938
1432984874
3143973515
1895934415
3097414040
2426910531
2899488132
530915484
2056684170
2582934062
2765986863
469163183
280118756
2368133415
950793321
1583248099
1504281179
166611080
3702731920
1125815045
2445636941
3244722094
197957010
1925926553
2189078282
821471682
67019581
2977396011
4042491767
4008576871
589897583
1439893818
684345805
310071717
1036095065
560215812
136169328
1462638016
4276723130
1793710631
3438976133
2217540738
911622328
2417183572
1318921901
3262306552
2955350410
3689575964
1077404334
2995018874
2265800658
3916441549
2903268090
2748802565
983845398
684159227
3423161156
927028116
2480481258
3285577642
80668996
2048808069
2268500113
3645944711
1164663856
2965457139
1317009462
1602179846
2694999283
3145284544
148023558
870670540
1650837865
1387702572
762194719
3273974011
1413147441
1458238558
1204419137
787454087
2957545238
162190338
2371388256
701973146
3613924374
2405224368
2318761406
3364348583
2629685774
4244061308
3793128471
3538431686
1909110803
1897160403
1691907192
762356985
275527412
2445895240
1897564040
3960926757
180297689
315178122
1826424889
774808032
2603513267
81349188
3116746832
2438247007
1226574856
4232185275
1979051831
566005994
3605453900
1874240894
1085749556
2587857024
557887828
2607005968
2084212305
2147284848
1646117263
1221665343
3327039366
2727255373
3921217279
3612785175
1291053743
787334661
1720658293
2063529523
2576393005
2854762545
1732730040
2261229825
1652747871
603554144
1679766933
2638790547
3822343557
1614084432
3294591281
2376175506
1516330457
988819996
587147674
3342900445
4007156763
325220727
2836203560
3792204765
1831289308
2965856845
3735228961
1411552455
2594099405
680225673
1367460768
2246806820
3584721356
3345362139
559386071
13715742
2163712669
663815854
2590672125
3660957653
2942306910
1766580806
3212878850
2215408262
455364177
3551574521
4234279501
1900197756
1403338577
1220490891
1726799390
4259968268
4100756960
3953777243
781480969
3385501000
2856797919
143505438
3919164324
878322703
3431507983
119628040
1520013491
3081726434
1580084708
870741531
1444524657
3629547302
1473258056
1669892297
251728537
2221941095
3585228119
4150193331
2090088941
660267037
73896976
250814150
2331295136
1714598889
3717270372
2120616255
800583995
1712414973
258703285
134051491
3304356035
2290588289
1062140644
1540313407
3175612217
484113294
1009609486
3902455367
1203731465
1977994784
1729801684
980484793
1817254000
637132669
2178582493
2958261062
3157591036
1086615669
3081536900
4111270315
1568822217
3408353671
881411323
650863252
718542505
3380707329
1113591046
888264676
11790684
1461067522
1264969108
192853955
3953913295
1768695192
4287231473
3515517520
3695766222
2800285737
950701757
3555947345
2086932625
3357785917
1974476482
1434706957
1942744261
2649288689
3754328904
2630794533
824396682
2446642190
3790527025
560638783
3019209735
1856277102
3959299856
1906081714
2429334700
3943145389
2176496682
3768918628
4002492555
1681604284
3869881034
4096889071
2217777968
2953265205
4148189636
826331392
2670684823
3338736330
3062918123
3004074745
1102685306
3564517434
933605511
2469091389
885535882
2776707769
1620768337
1494081687
1197756568
2158568006
4078051191
3560401406
1720955068
2320004347
4030220733
934158261
807699875
3420301429
903364956
3271122455
1982887165
1848691417
2541079417
2412087411
4069716215
3210972684
3122263142
2434741325
1617130065
1560736819
1360702783
141765141
2936139476
2449706736
764955902
3381105749
2536987298
3784403124
855169327
2031965483
2790641864
281731905
1713748354
2294681449
539171802
118094708
3960137648
3336810210
1723001063
248226474
1862768554
3411377317
1578495455
2727797823
2721378278
244059991
2664281258
1581137471
567660536
591223877
516508970
1748581641
231868800
802065087
3502644807
3455453416
3681725816
1461350338
2158371238
1065201062
662025328
2067926647
2147556919
2162981539
4174345141
3165419580
2429950780
1015255758
1374835665
829516000
3387562208
1268067221
2411360586
3112495562
3439010620
3517690509
3144296855
1169086805
3612192755
586351429
1026395476
3427429652
2967357961
459083609
1367255485
1707925875
2270305366
1541906412
1956328894
1854405640
1404294939
1626816685
4110726984
1579867900
1132019815
837927619
2718188258
844245368
3017159932
2742863017
601064061
4097195145
2188757631
2914408123
3989581340
1344810609
2786189737
2409880882
1344476314
4087345702
379271098
4033581320
2611701423
1005662304
3192014720
2375123253
3270639904
3821339288
3375199884
718787574
140166588
2451693805
14575346
2572849998
3426932703
1817797071
243971744
626654093
3993364979
3017596735
1860088612
77705428
3512966804
2461936835
1325299235
3646283326
3942148244
246679418
2226572162
1053562968
2006961061
3790399274
3012479820
424462062
4013893967
2649085126
4213454909
21446874
4177761637
1645430923
6341954
2423456781
4001239121
155918094
1588488249
4089352744
2749758676
1236881569
3027761514
3826721973
4088667278
1069661152
1354454080
3132256126
1130998044
1826364166
312965516
2160194863
2256185387
1989764624
4274859417
1431623549
2998783435
1647019719
2302043397
624395087
2949251882
235939204
3834021504
2490316716
2586130005
1337633911
18077326
182725746
3608362036
1847223111
760817321
2598631492
1536271114
2686540906
838378100
1617666390
2928173704
1326403557
2173562928
158358812
1622081606
2100819699
334502389
2893076909
334627285
3359491491
3396102778
1165765307
2734689266
1652532003
388863699
483535220
102530562
3465495129
3813603275
1005645711
2425881196
931091844
3391733535
790273234
1789333042
2170817814
4282284057
4061310715
4040198114
336955579
659860649
4113353681
2842763143
50262958
883918747
50141618
2044551623
385960137
3144399990
2352684993
2596907188
2155551819
877190355
230985941
996250204
1448635069
2136667983
2297237408
1914384153
2455849886
3306553433
1346368801
3513009712
3960565540
947313302
535526168
2151033086
1817472468
3178937943
3260245648
850770048
2447109766
1503990444
343743879
3850929040
1237916436
4081355544
1680007469
3861799354
937136599
55608594
4020459612
488589555
1993269329
3935496252
1333260664
1152577604
1459191357
4138430465
2577673438
868912100
3075712680
4070401161
7869710
1861907798
4272107843
498986860
920501653
3913991831
3353690791
1011958560
756075415
1839436229
383532447
3224791688
1574450043
3013356074
4136649216
2907887408
2292802148
2602387518
978184669
289345062
4209357623
2555857286
2436069669
1442047748
1572260951
1447049519
1828603038
633519696
3159077630
1211459226
3941956790
2031406835
3795992409
3051959148
2605210445
3122762952
3870310238
1044587241
881341384
187471876
1021142480
543780369
3678344096
1806876792
2386266990
2032615785
1531773328
3313118368
3796197940
1671718165
2316042865
2996457504
3127297816
1264394656
2912302775
3483767734
2877999625
3781328470
4020686348
2786758627
1980038202
2756642164
3275223974
3250265279
400438963
542954152
365718861
215300421
2855894816
127277208
3777175451
3555807064
2327508452
3345040069
406388228
1930274619
2453932630
3316998496
587013872
16288079
677507285
546251002
1775419087
281189274
449791256
1913461098
3279969668
287174131
269274135
3355811173
2640243605
1539209113
947523398
2759168030
1225441795
2212772662
3790882330
745560027
2061519043
413277958
1879526227
1632806380
1568274867
4079824186
329418769
2438613049
321522046
545500447
694840706
4012731620
893916148
4178151553
2461529731
3730801838
1153572797
3472473688
238294456
2029088498
775078493
2701851587
3363630817
1571447728
1721552751
3176125367
2983760672
786330284
3309453067
841658333
4244801066
3257132978
3858174059
3686358752
3411423346
670016422
2396697068
2057713101
3840334132
3693201970
287143766
3249314904
1511580030
2268868291
2485936513
2890065791
168721553
1948933871
580252453
2605534923
3284708856
1002906360
993400449
3423015438
4089532506
1598420420
1069495586
2090397754
2294416452
3537018691
3258700291
1523127905
3438445934
2756350428
2235653155
2752020417
2802228825
854918112
3593037932
3639169227
2266527532
985460539
1109417762
993506986
807553347
1762611096
2675080092
3121287799
2582341998
3527979714
153918381
904371935
1618206757
2997089117
226085021
3528055295
1233007343
3654868578
2439335757
2211506386
1196902141
2890469963
3524231047
941646397
1674751785
2679286704
3189300152
3412038437
3411781200
2912452739
2066800137
853525478
1348142192
1375733253
1842130666
2962916993
3893963312
3447898066
4216398016
2214415458
1245152291
3150192480
610895248
2868738514
970143839
2823889005
2751348722
402644179
748634579
4178398157
3569399390
2916305554
177976428
3918709225
1718815316
1379862865
4217102488
412014148
1741109263
2767883881
3961282258
3667491709
1223564289
2293208946
647807201
988862851
1981167906
3805997921
2277498338
785318556
2789727840
712043094
325957781
378213843
4075646037
718459386
3934024854
4151736175
1591822700
209897400
3698651652
3381543482
1813367374
1047200563
504730604
3895275406
4130648513
791225117
2623840442
12433419
3874890452
478213470
3112525406
2827454373
2988528873
617576025
2536728663
4058186356
4048584264
157583136
1754025726
2885778820
150710456
364633666
57930745
2099137114
3639337100
2461802780
762167622
1149742222
2934726543
2898144980
2389141124
2464475627
3928370685
1439108342
1139805970
459211261
4019921853
1975515851
3247571340
2037982465
2167738641
1476225153
4166305461
1478941660
3350178440
2822795909
331193075
2969039119
3057415743
1000634115
112223633
507529088
2857303716
1245284448
2957386347
1752027245
563749552
2027413848
2509046960
2244806791
2593979753
3639987480
767240080
106223861
1696396605
2462524609
349009658
3336808480
191835382
773385739
1647543229
2694217019
1641765300
2887131954
3447607972
1828454804
3486523691
1145390571
3370262682
2846352402
1738902108
3030112948
3471969166
4276357899
3628845735
2989293779
391671558
863429900
1823706693
1567171902
223679204
1132855333
3502830141
3312360261
1224114165
190370936
3302753458
333937282
2224342536
398729596
2938750876
1340962440
2149644451
2967095809
1700001315
3840221045
1112533713
716685176
2386034146
1429839694
1886460751
1917124495
193351266
4025520167
592691821
93514507
1697082068
4037822759
2097644052
4100659391
2100263467
721697457
4218694674
1227649719
857777743
1139548787
2227590217
1796181936
628554936
1193194031
1015773912
1151994545
1241102612
3937350679
2691026136
2925472639
465823140
2448078357
3508258638
2883383499
3756934074
1961075580
707737277
2289353183
2900425248
3120388529
2977546719
663897951
651508071
3518814983
2933997719
3043641939
833049180
1076377242
3352416653
4022524907
3984330450
2177019127
249095847
2584017275
1798563217
939438399
925474260
1671683365
3474225003
1685157383
4244030594
767160231
3458225911
627463296
3414164129
2522053046
1544571658
1275472061
2574725916
4242633091
3158148985
1476898697
2859655411
512132389
1909867599
784792450
1795638273
1109563799
257932086
2599093200
1755024824
690168505
125964475
3356916290
2204383603
3530498616
3828567442
3212826660
1145243821
497744541
1128782443
4067447608
1100384033
2987846989
4198066335
53676600
14513170
528140364
3167062785
1337793740
77093518
2424895753
1939277455
1328312496
1956764129
2602094228
593784554
3501406548
3770834428
2346078186
2379324691
1014333680
1586242143
409040730
4199341430
839208160
1336922537
423577218
3199264728
2636844659
479327469
1004491970
1113291927
290905716
2456434711
941116711
4193071788
59124021
1638207291
2342348792
3814485892
915233266
839346014
2173862827
651911052
4281339011
3134450032
774004495
1899821965
1901696315
1264562178
1912959834
3934085914
2894788183
965400613
1075306762
826501675
3092977089
2315864562
2349571900
1898366195
2243624058
2431860827
857622806
3994186333
3491716907
2748074619
4282554516
1946173646
1282813606
2349673964
2873956055
1253330971
315586319
568409551
3601476364
2015883252
2537949728
2392560038
3094768576
4144153395
3215231792
1402020685
2216138223
2925770143
134202143
3400771772
2122231126
2557532687
2709213843
826223382
140653438
446785373
587805385
1281067191
17267730
3814023671
988891331
399290056
3469412816
1761660126
1876507123
3772398845
1120451752
450925133
1882585952
215140494
1882603667
2247890913
3626970288
1656719026
2353999287
1057227577
649814867
36280441
108918479
767911721
376846902
136394037
1888328086
79761988
3754578791
1681122588
1470767282
3585956183
743525631
886349499
834640655
1733362060
259285674
1502808352
2941953394
3156932433
2043056533
1854998159
3014311721
3827092690
3002846042
3148864650
1546251311
2420392655
2465021501
2617973516
1624477079
3486243791
3486078362
864902664
3069114411
59155880
2884780164
3121382364
2066092423
1834336116
43026167
2411157093
4205226369
2871383879
3861085460
865126036
3217964569
2510165244
2987299480
4022757332
1416109073
2000316544
1828920823
3628355075
1207816052
879752409
4081674282
1210911529
537731577
1293762869
1283371893
1887721657
2132893405
814003443
2858235546
1049021004
3726003853
217796769
1607687223
3723424398
2872773972
650575649
2510241470
1939237734
362536749
3065542434
3284176759
2884900301
956165751
3545720581
3012829980
237557383
79904949
2326096699
3534255071
424919702
1139586857
4266649644
1116531213
3176925190
2398842406
2429236266
2922288739
626115764
2811621458
3973955392
3651743314
4166994358
1103049593
783772097
231929566
710630947
3901060929
321282274
1701800369
594548533
4024953652
2226994712
4060972946
3920491767
1767011856
3602920614
3108692077
2155140602
474071382
4105652050
4002498981
3535597564
1851145645
2125248845
4214767976
4068846255
435493393
3450029700
2659055808
1890923510
1769845285
3096784487
4070329334
580782261
1434487301
2188005961
1599606260
718714155
590562311
3144448548
1970626643
3655293118
1771109324
409822496
1369263105
1414586699
4116919599
3628654474
3508730528
3600824588
3688356266
3170042183
387053692
2129480527
3419153054
2484834298
2287516597
1551374271
1366734874
2568123565
4091306997
2163409919
3967420924
4051963087
2809598455
1762691418
2753792124
3664799973
1483462276
3968789365
2668931238
3737158500
3212732965
383584484
4104272948
969376634
936104292
195146560
3663231389
2157147775
1579039916
4239691810
2732976817
1023134873
2571677923
1617542110
769505769
2354683333
1965570813
3995189043
543723392
3187042095
1820566490
252111550
3680111684
85139013
2419777751
1191148013
3080882229
2344304186
1553874435
83518763
3602313812
797796710
3307092750
1244590896
1056274795
1444110480
1976098211
267582417
2065839490
55676733
3675350883
4018868546
1060469181
497694513
1055090277
3802098707
2036058443
2625048166
729781895
3945550742
2245210241
868212431
150129269
3826283302
3514613384
1038002702
1166762717
2644110798
2639437991
2569279351
1844836267
3735245968
677122942
4100262884
1580030499
112555197
2269166633
820960939
3469189407
4143239012
2927192307
2688293527
829836436
2436913569
1167282973
3232262165
3420905899
2818180302
3267492855
3736940335
3104875617
3195890585
2879923366
1727440594
876578172
3671633271
4153743650
2987956855
841705165
4048364537
1813483244
1881992747
4286314202
3945117409
1528998218
901104526
1315275929
45583061
2557170340
3992823169
2616043909
2479672212
4141835172
1826784555
4282582097
3987037131
2510924917
647178333
2023943733
2547052572
4053118576
787073077
3064325246
2262842105
4044035864
3779317196
278514077
4143892697
3768198399
622128212
1329882648
861998993
148152553
1825843788
1750323770
151008022
319286767
3960126134
2222623655
3487837958
3577297121
1316928997
3953392715
3403665078
1518102259
1107661291
3847075128
2496331536
3197231298
3601842346
2155817005
192341170
2812081173
967715701
3283502767
2838382556
3303587510
254392437
513121664
3543781732
2563731064
724304581
2879766874
3065227552
2338933533
1121879923
3193604621
2206292141
2204772703
703078138
3471799891
1414729039
1277017989
2420441011
1285479225
2433841380
1836331735
1971750471
3595452025
3873530866
973087546
2046587092
1658939446
37362590
3628888045
2789651461
1786391180
139356395
4200957534
1245463029
1014893904
2876614175
21496394
93796579
3452843035
823055998
4238539680
1663562405
1879613787
159769744
531743551
1049148714
3874175728
2435283446
1256147853
3839809514
665723802
3734049104
3294233428
405936306
1095851055
2424748761
3311898826
4013878510
1725839229
1878443385
3036614988
183493580
4109449808
3268263265
3310177106
3284016659
673589455
3491863465
1544476563
549654364
2262613234
2400898717
128418063
2702237544
2931446715
4274868031
1220373160
1894457412
2785074933
4150142395
2434692716
417265000
4251702436
2382970342
1366829612
3341636447
1135974672
1386468790
2838402412
1429176572
1425955411
3243853914
1366986101
1176476965
2113869681
2340311596
3430494067
1106943528
2971270065
2950744603
489212946
4081875002
435237148
571355647
3932108485
3038337256
2088522102
1877467343
3510670980
2364574580
3172313819
3432164436
1845315776
22783739
350943038
1688532452
4060993444
495138423
2467936162
2915182117
2627241009
1340860427
2116112360
2140098691
3950908368
3863039176
923708571
3285747358
2321384018
1698465062
2008489576
1183256211
2950420017
2428760647
1676629222
2052119789
1226580857
117421035
3342231450
2136551040
2438966412
3738781961
3020770271
1627904102
3048317008
3542501902
3285702262
45901350
3857537750
3534855318
345353880
3243831355
28972708
2134230264
1879557740
793568571
4263698388
696537576
1219800638
1114022982
910861099
1284039556
1962266975
2283878948
3273833963
1736054321
3600467601
2534862798
3762075963
3383902654
1117124494
1124495635
1964412237
1149653436
2766918690
2138922561
820763053
4087297701
318539649
2008434263
1538775743
1360731477
1008123167
2784628939
2048960541
4211402229
1188609727
2235837123
2606331385
1942538176
235091256
1747112520
4002845176
1440386310
1549373147
3510828121
1374903553
3772654391
3089140972
3206160771
296882143
1689391939
3201832146
2985716425
1170130881
3570277323
1944162664
3455663380
547383302
4126989814
348316589
1499339947
3709232576
2569249881
4149600549
2951098234
214363768
455236889
1130303690
610356624
383752132
1519386219
2245708300
768260904
1806251602
601930985
3192826859
163522051
1971600745
740192650
2014371766
813235391
2278344682
3414318107
4156718909
3723755386
3106323482
2981380289
1899046455
3877731827
2512785833
731088699
672559497
3261942891
3965555295
1510622512
1044713573
1217176695
3225449037
2467313500
425942560
1782736987
2136067477
2075886995
1555814924
1876311271
852485162
3657137355
730361287
4177350050
2846614331
984753451
1531295718
1525617306
3333312349
618886126
3350621388
2412639565
581717168
2878888637
1128142898
237030795
1329380714
3059127436
3467203164
2665463235
2672037989
1347516256
222923381
1197972102
3772856772
682897385
730990551
4166156371
3150940197
70212314
4251397370
3489282496
2484843659
1694664258
348467663
3169907222
3037608738
945206183
3187186665
2914866107
3542672133
3810291328
1893851686
1082216055
3529181007
2507415286
1761101391
868410148
330386330
311057771
1565879380
1908511900
816101334
3666439264
269236099
90604072
1090106969
2355782691
1974304681
2782112680
1699600916
3896513417
2683529117
2928595310
462656696
2635580666
789263405
2864179768
982246743
4059118620
1815123146
1591732203
2816858582
3115961395
536602754
3630977140
1495916890
2121531094
52376918
2311209930
1799097726
15537678
2244959211
2445223883
2037045450
486812345
1840347974
2105472168
2614400217
2846220168
2628709128
3322317476
3188092644
1959827796
3932537201
1482708950
697635080
2743683701
3953057283
2974130372
3045116692
2277818075
1240385861
4027694141
2383286336
660909842
1802717226
193040392
3578193922
3907856522
3062024566
233695313
3891628977
34370154
92444452
4015277111
2448980696
4031246049
426979238
877574180
3000452440
4146857093
2264925050
2834097466
2133686767
733764397
1750020181
3467289603
16328938
858645016
217497362
2880517280
391883875
4109405254
1461600486
333057854
3471576163
746518244
4092159438
2569415971
663630485
3656753438
160791763
1035696037
1830063065
2492497323
1914894070
2634427101
424266349
3205012057
368026018
1050477226
461460719
1006602761
1371897189
3709494517
1068739826
2535417280
1630179286
2657484471
3519109052
2623548103
3370558355
3588372620
1580752117
558812571
4052433664
113251670
3214339400
1909650027
3209826285
1998986854
3544072762
278106143
3517643283
1379425819
3894844756
1501993664
3746729709
1928497812
992266886
1402915998
3408371387
2163831540
1920606531
3698197190
101542866
109082543
1669057028
1490613758
3904584809
2265220
1691979244
423131403
3853425837
3274453398
593322033
12536943
2638502925
353819929
1719564162
1089052874
1640486975
2531965823
3384621464
3613127442
416047420
3733692577
3691912841
1933811746
4004624437
1239661407
1082134187
2359359029
2015340497
876160861
3344527882
1310718746
2699314633
1823107339
3920808642
1740933884
1615883140
3507266241
1178282526
3704661393
3960609441
1126984916
4028001396
3063677318
2076689952
227561662
2260699899
3228938782
3767626763
1273976933
1738863752
3977969662
4186968069
762778617
1251391460
850520033
3487491697
3528173763
2044291816
3802366548
343028065
2943372301
2785856188
649090349
371918021
3132854514
2076834005
1120672699
2702851182
1790593557
3578317569
47080058
2111916361
873249239
2544578447
3876224929
1497235882
385429495
1553628056
2015758297
1574671445
1120043287
3424293526
1142512130
2787595433
1022625413
3786975591
594402552
639114252
1437088572
3954165511
120218094
3000458135
2857770350
563607476
288444154
75265947
3227184385
2304317670
1159480998
3276434136
2881464472
3440180667
4171426179
1307741587
3844860363
2290758179
1680300155
3103451744
2533713708
2225253537
2452386493
4281369108
2595415250
2202138076
2868024120
271124545
1744806779
1483326282
1700799700
593383131
2054468888
3809876897
2330811515
350718106
2972796619
2421795725
1043481561
580749004
1775182147
3962057058
2677498989
1279622869
201075702
599463367
1316335692
3285755853
351855839
662937941
2384351378
59245249
3894095058
438634999
601054881
2889901525
3818107047
512179013
1201504947
2237190731
2813648856
1760296121
1287952270
3261464402
2674574107
1641967475
65764090
1292281955
3173920335
956156683
3415466534
1110986083
1832021912
444212033
1811755196
939491568
3553143849
3134889363
4055197104
797775144
1052076703
4241839056
2160046019
2108824482
1719125480
3175441624
2082706449
85157463
1947305362
1750750658
2311050653
130690375
155635151
3655327551
1302701461
2335625801
4203447026
617023617
1605751706
2558781932
2681651200
1820820914
634220716
2933342510
2328012329
151303579
2335896621
3575152068
132707584
3788983603
1974632229
409773570
1837138598
681637736
232001134
355615940
887553152
1541181926
1609407424
2735025070
3591913426
3316830345
2734068519
1433075485
1737225235
4282814238
1397625552
966499647
630296422
3441134455
3059000796
1852134970
2389148078
3176244530
889426496
4033111654
1580797173
3286999168
3189181100
536583563
1646957234
626320241
439675612
2540647348
1152152426
1114020466
3523113404
726294620
1814505037
1269105108
1990173325
757619924
2343076957
1574012833
530581321
1757913840
1519952503
2507541854
287419417
1707005962
2348365753
2990667370
509689157
487417181
3098680835
99799783
813617326
3557651575
251175647
137014928
703644805
404774642
1225281225
265818973
1246490472
2315373458
3467202519
2743273052
516828611
247178280
1346746101
2648595472
1663250898
328057692
1661415312
655435648
1488409690
4141052091
3216829534
1936452748
1236952786
2103041065
2414009910
32708179
200821200
2829579193
872735725
3574066336
3043719576
990819230
2075415872
3444165413
2590568186
2714488523
4221534002
3556741897
205522159
2968825608
1609927273
1441994618
2914036966
323957756
631195905
667250518
2352243738
4173060481
1318498611
3775167866
3444543320
1578235172
3834344906
4260743219
213619198
3468209857
4146284676
2363862848
529584859
2847274130
3219521010
2000919473
1098566350
3150937695
1146584704
3407503535
1792011047
1070818700
2945150526
2631306098
1701810714
664735084
2256064307
4279946367
3305887704
3318590868
2821054675
2464226771
3848622905
4076860134
3982444057
2666142339
1598129451
3804067635
2089967810
1731866742
3618702949
2832336484
882933529
257389051
985157010
2270430752
2595346923
866510633
1653735487
3118550189
2394238586
1052992554
2172790269
2384413425
1667478375
1556455356
2901719018
430548040
1936550805
943618648
1229995341
1654363516
3456698610
476005670
726451458
1215932221
1776146626
921006982
781904996
1807593873
2730552675
942130692
2526344828
3678141248
2092216865
860534419
728102271
1985693884
1331441553
106898272
1480154969
766726451
1476006588
818794161
623847378
3723571622
2931109073
1250663593
636268702
3058558587
127175454
3217301269
3389112056
1266281675
3870152093
2208749177
819436184
450588949
2894740467
2551170874
2055154725
3673976233
138768536
1921232619
3526341984
155157135
1701074424
183853150
4190565986
707189574
741917514
441604470
1388641467
2190164294
1663418813
878649123
942673182
876838734
1251367323
818644667
3220480674
3449006861
2535729182
2359513084
2732751010
1597335818
1553719031
1001050685
1137020832
1581435370
3827553970
169836698
160881004
1702327842
4037859054
4053104343
2872106886
1922258014
2967965465
683102832
587920208
1513118794
56783993
2269866449
506314032
850357513
4148744547
1279409524
1283405782
3163006360
2762404936
3617173889
596285007
862060582
2674241891
458224578
113701255
4108521994
2417826833
1714808447
4148130782
430643379
2248877130
477327886
523077514
3928988090
1159098577
2158436215
3170240400
2075728519
3857149090
4154327501
3135758050
2643730282
2345937006
1000324034
2926082548
3310513550
896277088
678341933
2622456640
1518555063
1578996891
1687492631
2764481107
2542581688
1720646121
349813942
1199374532
1961392086
2747011798
4086831816
3380471289
1667078549
2065516591
243231615
182606780
2265963072
4260886799
3930990983
1526508847
1435968480
3856919017
841591950
1382709353
2612047964
720418949
227311125
2160169798
726647173
601499931
1572227331
3426208677
381219567
1591099345
3285736596
1403738937
3579319558
897753594
439302846
3212985817
702099944
2144978261
1399572316
702595042
975123781
3074414954
2246309506
3444612731
2675011464
3066235637
131604910
620275436
2429439130
2446309676
3143745877
609595764
3725081141
2135996570
2218916409
1026604427
1680682241
2816357423
2841221814
3564655815
858347621
492595851
3164388731
2505466010
3169326968
3889460479
262202358
1684553565
2012780543
3375767935
1655667970
3467050744
4032660005
528363189
768693249
4133780791
3821703526
1496922350
973548938
548153401
1359461627
4196604206
3190858529
2897061573
3738502801
3312958987
461014843
1430307147
3640210874
3224860945
4065765200
1566586403
2270865627
1070281439
3135430121
2635322562
3975115881
2184841499
2237705396
449427116
291877373
1439904830
3614439397
2850374769
1181592856
1543324315
288621889
577048628
33600300
3177152397
2581330890
2426021533
807706739
907374920
3488194048
731257224
2061467514
3429870781
100266294
768940761
2123716102
1540824379
3350571828
2067592748
1236749935
1474617524
1512857323
334624585
4039716419
479470661
2553746331
358263535
1208389833
553892898
3115422688
3115228583
1604972764
2519601073
1592260506
267730091
2055415181
737525284
1050686455
4233923077
279594796
3123175128
165012016
325369182
1707029127
262162459
423881437
2324186756
2357773843
1652384825
460681624
4205528036
3336177381
647343814
3086897061
872389331
787425008
3094531367
1474087274
1181491598
362944255
3901525927
1776903577
1882431345
3214602452
2741931687
3256138084
434417019
1263772520
541131288
2094495410
3547478128
1341467795
2412333051
3310151174
3297466284
2253930911
1306826082
249351562
1269621665
1230935758
3934045059
3155638199
2099523721
2227358839
820680898
2974698192
1597426277
856331964
3828279860
2825525950
197915330
1010035579
2944031623
4261926123
1427712404
2909617470
3565821132
2609087591
1822385448
571967170
3517909850
1563856501
1405803934
3997899488
304975854
1740144109
999866298
2253228253
151992113
1409163244
3797238107
249707519
3645456531
179949517
742034278
1787227605
3676580764
3501524238
1831614851
2167184220
1322502593
2303942962
4236110462
652728135
1038603446
2443415121
3262352983
2191959686
53993950
3019610415
1999602912
1227250902
373810726
752561724
1277801416
2064038047
1976552835
131756933
2176808680
3916853892
382769609
3868974167
1356245928
500738022
3034352919
3124665056
960314459
3355932319
3435351102
3758283657
2542896621
1381905673
1361343230
940081738
2634674719
1732485708
1038970344
2465057491
2420945978
1074154639
1099666331
3953781861
4076811676
1614919527
3474973613
3723128343
4000027708
3416343592
934629948
523227801
1344725051
2036107298
750129069
1573473008
3736291431
1528549369
1432975246
2818377737
1726131754
2073303463
600138299
196158791
2921378456
2519614395
2551145531
1180533027
2606602838
4180518456
2633259738
3485032432
474124269
4093326094
2293168457
2185141266
479197843
1886386211
4224014975
3311334995
667162811
2574747900
1812300671
3284267299
2435577979
300557882
1606111586
4067558448
2893069492
4273772170
2443866929
773157274
1176807483
3654938223
2116368361
2333389224
3309300231
1588986376
2414696423
3222477370
3047604125
3311814867
3540162537
1379900726
161044269
200076758
307530988
3304711516
140897806
2350153020
4003171506
40139455
2990348346
305366434
2279184169
4067714988
1726073810
3524975972
622440338
4274740181
3064707893
3537687072
2835683102
1461050091
2807308548
1174148637
4197681937
2989137382
3396921420
2577671501
41561299
1223303654
2281788276
2228470050
3168963617
594624360
2296142020
2080937823
3184179872
109184697
2857271397
3694879145
2888455327
4120600515
2525360220
3178623251
471258598
2887263882
3110984446
452960186
3130367209
2035391263
4292691070
3086788473
2813944770
3162262361
1390048291
512953948
2809520364
361518858
470502500
241174447
3191328632
814877682
373864278
2736308827
2986753735
2516740457
884820969
2811790967
2209221788
504481846
900216263
995851275
860286595
3106294137
107216928
558236403
310383339
726642444
3496955046
2483326555
1548127184
279508488
2271663699
577233916
3591336742
3380819982
3652078872
3221167471
3269903438
3403173815
4158557947
722145473
285141686
2429470170
697113474
2033143715
4217114145
1376701961
4128917730
3322494532
1955683492
707262769
2672083015
1325336075
3292529791
1091257559
2479785273
1039411849
2441910259
1548448765
3763922486
910947861
1540173081
994684391
3380989158
2210331129
3346629989
3767201870
3981012754
4076279879
3567961128
2563554376
3063340475
3538477371
390505009
240754686
2314816303
1065598532
2664302093
1977282751
2230269130
548490252
2428798499
2943507228
291243458
875912638
3233892800
2622586326
868206267
2990416786
3241755660
3063029044
3275916042
2771247158
714177165
152303206
746802361
3851639911
2772539390
145219082
2604863657
423762044
1205117025
1210436182
4002290355
2028246292
987370729
3286696083
2778795332
1619915731
2287567369
3253565507
823989711
2946894962
3554933790
2906080499
3737354929
3444329907
3483605511
353602847
2750391243
1337311719
443030833
1935243976
2470776446
3797839289
2495273392
715257802
61013433
2000752299
269601101
1153690752
1581331311
275345260
4261854464
4013352756
2427127186
2295682700
3093829829
3866727218
1750336708
3186837703
1775158448
728325180
1398977502
3207630922
364017272
4096065283
564231179
3813574686
265526866
644800394
2967839069
698908815
2333915753
4117633847
1687296470
3447090740
364028626
489969984
3802311686
4145804406
74205585
489883584
1006993604
633233
1047929781
2648412249
3264836444
975864452
3456191730
2144415970
3836149486
2513354964
963364426
3599521790
565446049
2135945493
2205178818
2251402714
458151141
52197034
2508401799
3653408132
810034209
1268849762
2924624879
2094473613
1901345058
4085676019
1414343452
675732967
295800484
1957980442
2281040944
818275714
1292407338
2496485364
425189011
137699671
973553992
4239158847
2194139795
1158882472
1413666306
1496308247
3690170492
2073742500
1527587461
4187912407
2787842400
3892311390
307996169
2119853490
47807198
1252152383
1548002242
331004715
2598653175
3633820507
3390664481
2215138155
258125029
2794604003
2625207859
2022258133
3784602301
2904358069
631117982
2389506581
3563726374
1953544889
1404566480
333336085
2852896137
736668647
523022990
2039651230
2815764777
1940135871
4129296093
2922287237
4074079568
4127890021
1454455470
3086963641
3100612683
2169607595
799134030
355976946
2001277300
3939079989
956932608
3318199556
189104518
2534442043
3576774118
628251416
3301437534
1769232634
3747464026
3990938542
3072685432
291408827
3139584949
4211968491
3209470498
1633419511
1356770157
935789046
940164788
1156071139
4230301930
2208057022
3875730813
1641758423
1480441515
1948548348
279269936
2116329232
1348088623
1525667547
3802790872
2666120120
261707626
608458351
2393542720
2496336861
3602272020
435508995
3288392184
866309744
3348618893
2376047775
2238189375
118280149
1687505585
2115019923
2602463515
547401979
3383619701
1806167085
667811370
976073630
724581716
3889492598
1439716737
1700578119
68748564
2010926490
1173256070
4246305798
192950819
1225459810
1780541286
535410339
2053902846
1910409781
4026936958
938921394
653147019
431169344
3075050031
3029818933
648435848
658951020
962705369
4057952778
3586891607
3590422889
3668190032
2466207656
3683629312
1496399926
918890476
1315053508
1470115473
2286596064
3462804673
987735203
3207970214
76931707
1330377060
3479860642
1876670279
2073146772
1353339225
26546564
874628497
1107147528
2201658853
1043764508
513897979
1761812857
2695744844
1886908097
1029289086
467966906
2301973233
480420158
1268135308
3150244795
4258816611
678856396
1211963030
514520973
3108751813
2997792900
2229166763
2332190709
1931864397
2983786762
2378142477
1380394652
186198298
3749251270
3696342133
2850191410
351627052
2865098228
159772303
1584628774
804224113
1255043725
389755502
4178357908
1779619208
720407642
501009212
2914434896
2846750639
4244825622
1993611629
3519699902
2602760440
3589164283
2695065104
3042998869
377535625
3069060292
1763956217
278009312
4190866039
1700255380
3203654521
2715431757
4217839881
2578087174
1855267760
486900115
2524755035
3837556730
1007875709
2835049261
1050070114
3949421103
4117710496
3569368228
2451387632
113747220
2153949046
1892881732
3492204866
723295023
2141363220
2074532653
746435632
2515830856
440236052
3911680980
3610821544
459496474
2942209801
1322462460
795521885
3962147541
582775550
3784915756
1427091849
4187147742
2340238881
3828030380
93658809
2266791342
3459140011
4294181110
2066561597
2418957845
1435376256
3026734108
3486351394
3194949221
2059216390
2169819668
425319874
1956010345
3435865756
2084675763
3003174682
4184930692
1196815401
2060225945
3867079168
93851736
115920373
2999037532
407069272
1190300622
3528238379
1380797283
766093522
2670713295
2176573319
2600572019
1180314468
1103924490
417494688
1328265368
3430066339
498872112
1048361364
3984837580
2767760363
2936661902
2855849267
3849531379
1390143615
172398201
1903882640
873188064
541235599
6129413
4134410930
2019770377
75268472
816660064
1930762270
1628894976
313669157
1219961029
3301501522
1631415884
1562467066
3143030290
3554166676
3534359435
2955432669
480406853
793144054
2275652406
2934671700
2045354234
983583980
469126254
714393409
1649982350
1093489441
2277447024
3297120151
1216923303
2508965488
110936426
277775805
3869339694
3166876036
2968884900
2973348468
1007289899
3866688978
2508006002
2555603209
576336016
1699408111
2255969148
4075282666
961655651
1761050435
850138794
1457594756
1175279718
1510864557
1452587457
1860975736
3567561210
3541181416
3059268819
2223374780
1287291856
3247996291
1469709601
318796269
238824618
3651505365
1318207422
3851008822
3920626287
653760671
528614509
2917916207
1280857790
1822351878
2009701387
1552036980
762102854
4114943400
4106842987
1259307666
2172231208
1968794500
180358934
4260492895
3310449559
1983812804
823275714
2434310133
2713750392
1932195907
496525377
1019409163
1105606671
1178396465
895417358
382746297
818534039
3424391002
1533719451
687773731
3960298366
3979616420
3530803116
3832964271
3013834961
3506946624
620087396
3974071443
2407632419
3521708998
1278301203
4106763391
179049925
3414905042
2717656502
699347140
1707575442
249741144
2338985860
1920372202
1240673141
2306074991
147525463
1211102712
3289777653
2264372778
3232965778
1059367969
3534849996
2032850686
3966888119
1893447842
3744974387
921493057
790266619
413349945
293227528
721879347
4173625836
3236372954
1280661164
415207967
2227489542
3213589843
739374497
1737777293
2119431974
246219841
3431216254
781155371
2245053880
1552191425
1626353764
3956690822
3675075569
3375102706
1589019685
221569031
2986516466
2762182829
682467621
471314863
2260070052
1662072069
1462483142
1745589913
3665031683
3762152935
2943369981
3163614093
1312158518
2740033558
3231308489
3759116926
3966465702
2674264537
1058940572
2926648602
21744215
1281397980
2030562510
2056334924
3918997822
312547263
161531568
4188628941
818407482
626345068
2973433639
1772488314
3972411765
2516457706
2092518271
2838344798
1125544463
1251421443
4094739099
4020033483
1554003323
2862127078
1031209326
916791724
945261017
3464022177
781893046
4027412286
757735612
2657453691
2735945031
2309984747
1945751616
4093626980
3816235152
3952319776
2982745456
2772390146
3876076398
3693336145
3362752906
591648912
3136058720
2499870060
2176504189
2579810024
3482720824
91984535
4275228595
73049011
1573830774
633832020
1057595346
1511440299
229823888
2776067522
4240120889
999510230
2457948525
354966923
164765269
4015933045
3740492270
1100223483
2694199228
722847955
2993554279
602143889
1987527701
946105784
3039789721
1912222968
2544877892
2502778136
1816041808
1626317389
1412860996
2597131305
2365673776
2977722996
1417779550
2895640240
2158928694
1893618854
3957946794
4092544445
3256023654
25379395
957221912
3540794091
1802445778
1560865433
730775488
852586267
1250076967
113225529
2818802353
1498449650
2689399344
4284068714
2085786977
2853148215
2802135678
679405917
4030234231
1291031416
2396374371
164971
1113953610
1194688748
3596966001
1114028119
564146568
2412760102
4060828336
4220642490
1170895856
1622602328
1766238373
1567821509
1370920932
3388144639
3679636519
3619608236
3302415278
2272238951
4083352244
1113171865
2949378880
2910531660
3432067099
722716875
514328371
2598324497
2107137790
2946087514
2274881824
2914608313
1383564808
2200760771
4126886659
1015145243
1739373358
2704432111
3357344999
2074667401
155464018
2223064712
1841418195
1879950204
1930545634
1711306432
1688035825
547896440
2916889016
914026822
2381410647
1104609501
3407696453
1494175619
2143231608
3787242823
698768465
3161907474
791292720
2402952374
3453054112
3520399978
1386232431
3563457381
1126081535
3267036928
981460640
160912461
1571617230
1829952528
4226042743
2894738862
2260043246
234959968
1528381467
3428549071
846964226
3460847868
3003042150
436940549
1481439458
2862535263
1478463227
876807797
3735054979
3094264393
385089365
3890204764
2765130432
315657171
3037272568
2839621319
619569421
4181226618
4058996803
342398833
2232541948
1754700620
2450803313
3849324404
3020780462
2598465654
3669994991
1349373688
2802266830
2991258634
952913075
1646544401
53541868
28040968
596831239
1610546342
845788888
4229831403
2539996295
1294012622
2757949854
4291181198
3014355076
2059838272
1162160715
2836478976
1749566321
3422520771
1356484402
2784955223
1656806849
380511044
778357054
1939119491
4260546971
3562270294
56981954
3059920720
3516359945
4170125378
3994586127
531621762
88234991
1436304374
2345911711
1958717874
2342589181
535544926
3479329550
3220791605
156122003
2981831701
483142245
2517525372
2840041325
1336788193
3292859146
4080716129
2533613483
1756163815
29779526
754086893
1820025957
1685538697
4055935964
1811637145
60981190
3243969784
4230245066
110127081
2731797981
2658889433
667059406
2263627388
3775967521
2031267417
1203341627
1982103822
2563100134
2608020970
2730241441
3369967875
3217278189
2879442633
1387601025
2787310771
3337319062
3269002487
3999017207
1856540144
3562810295
2650014262
1264910534
3294946783
3487348995
1293019246
261493058
2779420675
4073837934
2687311332
4177114315
3073712495
1618014825
306176708
3706810392
1379310360
4014850418
2214890294
4263094406
2221578547
668539997
4010515687
1220067662
1838933644
3288436589
4061519028
2334458957
3451488628
3338140556
2831380114
3384060301
2982844209
3710357371
3771179747
469984663
3183600611
2173201036
2655705619
1239001785
1132180613
3155613163
3490979222
3786277876
30523159
1409397669
2506739863
2277283187
534306594
3235052805
3879045210
3220290384
2371944165
229987790
2095558710
810987569
1281496713
2565203734
1347623562
467616537
817848579
352073169
296212696
3428056057
2422723254
2425680173
2074149423
2635098820
3822079179
3539112218
19079408
2785065968
1357738070
2551502103
3768501723
1411909546
1833600377
1282828133
79019536
615055631
283277434
2054129577
2942549518
1446499232
1659640259
3156163750
2388908582
1471229323
478096161
717130789
941146291
3894477277
3753846661
3021797293
576380796
2283212028
1062738827
734243133
809940572
395290966
224886453
2855136453
1625929012
4144698263
3413974301
3251014065
1447032519
196449913
630875050
241625160
3912796833
1298218880
3006611667
746223295
613031344
1858520231
1162863009
1422426469
1820771322
2344706465
3071739942
3245008588
3882875007
2036275717
3480212047
972729313
2145272638
832200954
3071352883
1850272468
1078524043
2362358036
3750648737
3886437945
3934809749
81302932
3798837723
81176152
1314826314
1407421175
2112829711
931593913
1398090218
105845777
1566285778
1542739550
2057934492
4091492551
3814050600
3035681402
2759853768
3837479267
3148972729
2109906043
1957727844
597243309
1461886510
1171293269
2638255226
2417753916
2790208770
123886495
1722495581
438982412
428922300
2712124747
4189890729
3701174875
4086184746
1929217368
280071900
548594339
2780481709
968730028
2715623198
986768097
1415245994
3456213330
3323408771
987011498
256661606
784068131
1327535584
2282492806
3666944638
720469749
832850561
3973258872
2184283098
3614638422
4210204480
2648666171
522000670
4082985402
3314956027
2278214751
3270036025
4194467850
998592991
1387223387
89333457
1294084670
1808061157
4171336897
1397433718
2716405747
3407156513
3904081879
1677868417
4216935279
3177782143
340837785
2736923798
2931202441
362976371
2324013752
3619111078
4236288420
3051736926
3651310633
1707512305
2496118687
2694343601
568307737
116598185
2396449058
3445214010
3168029677
39192523
3262925547
1762268008
2957143365
1908073194
371399367
695974966
4071726300
4140922125
2891894947
2166865009
2883292972
1322221326
2958081228
2483257862
2464884383
252419410
954612636
3447654201
133076769
3145086766
2277070754
1057622263
3138112214
59156711
639634177
3894577826
1802077055
3428726704
1808480363
1763891628
650613623
3618226578
89916136
4289150982
1462216047
3309709417
3400969418
1968991772
3979958944
2965706262
326514727
2742782866
4148282961
1781078333
750840567
2316458051
2544318999
3385440353
614332397
3308269836
1298921076
3278590815
2968019601
624262242
1507270531
2078525675
1686603817
1725956430
1404586885
3469526368
3650280922
3533990638
1112601694
318133449
2031708384
4206098578
847549080
1274779529
761495636
66627852
1087938041
1525809228
1162109747
953069664
649490213
3724066814
1172391603
2490089622
3293957853
1590497466
526811815
8236861
321727049
1298838845
963886255
2555225931
2954534200
1196692429
925024122
2201539680
2803475432
996512888
1583826147
3547445870
353676134
2808473342
4241580448
3165974815
4260459461
3866456286
1192120597
1295999429
1218475995
1318052956
1476392632
902681132
3800960396
3360977914
2248473544
407641191
1347516055
3593299851
1211883091
1891773649
3224532672
3307561938
1961783406
3464740079
1465390852
309544374
3793262574
1092722392
3258101038
171361021
2250304658
2951005918
3130919129
1504415729
3653632200
3181380301
1224263546
2145667901
4184517174
2886440516
3418812785
4272630583
2343587665
89066242
3791415367
4043134727
3819926224
3781981620
1028071576
8330404
2032456930
868367145
1397239467
1768492634
2134237972
1821181569
2486186019
1655535900
1135811709
516866899
720560999
289876341
39744294
3731207220
3997410842
3033541022
382941849
2955110220
2452515559
3918423251
4031358134
627741735
3598462485
2301138536
2224718376
919008100
323777969
188240659
3811886480
3862127290
3762337959
232257203
3904303021
3794971298
3250696011
2497544688
1462550969
2519872873
773074625
84184576
2145283002
2554836137
2075185355
1601412911
2074162247
3523182267
2409857290
261444939
2531855362
966739289
915248064
2286840623
3100008675
3897737022
2583474207
1330111388
1204567082
43137391
2785184335
3369720452
3666955988
3988521721
2931637043
2056438311
1831652145
3632732410
3310856750
67831282
3938981239
957871998
2497346440
256687376
325716292
2408027800
2500940867
3560275240
1126750241
3849527319
486739598
1828030408
2447333278
2917149301
701062059
4215329224
1937241563
3570436315
1267564424
3545571442
2930186352
143292779
532466586
3999718676
3608011077
575496557
1718131376
2324690219
2976235342
650297088
2844963347
2325208800
3987023746
2731968542
2665858411
3044977391
2552952242
142782377
1659235236
1646765923
1560185778
2503063185
2012422010
4228419770
4002472759
3904958388
4170655443
2794833546
2678890321
2022291213
758625361
1978600917
3715325012
3973290846
450291494
3822317965
669009125
2402147832
2239029252
3170248636
2645312580
3748823793
2554036577
3385513145
3817798382
2855685966
1004648234
2710710510
920096877
946119379
2314206963
3928595578
2871688516
2072870514
3500096408
166400983
3081063812
3822806182
1569066275
847982775
4027622103
142094226
4184766303
2682088013
1748545934
565594305
2180774785
3085898580
282874811
1812348783
1886109726
235236725
3949176098
2230873427
1423840508
3171385127
1759408281
2987705819
1980857233
85434121
3410526029
3729988450
48683419
474633251
3328794599
56235900
1248617111
11447743
217393538
3820308189
3295010146
539083928
3512095452
542239360
495812041
388113968
2338816453
1443411343
734221816
2106698859
3607382093
348538567
572760638
544492144
1496906301
563007819
2074387986
3143848204
4167623172
2789391879
3368017955
559413954
3606971460
1489254547
2990817031
3718965424
3445642452
3788021286
3607164655
2187678140
1043380848
1094292487
1171717991
3091779491
135530533
2949416013
668500695
1380957408
4267161930
2580799063
2705578149
1175057247
1992225925
2633243724
420638937
4107102753
1085156315
136581901
3487521988
3375277078
2121888772
2104399762
3123288198
266208788
400812377
2873058896
386102906
440752719
2555127020
2863755701
434950095
559553568
39080252
2988721249
709082464
3888409652
2811172716
3086243153
1624256210
2425050327
3657738634
2972210353
3572250348
3933422978
185413136
200723020
3066236963
4006947579
2208664943
4151769308
3885033548
3843770882
2209789382
1211346285
2515782480
2963856801
4058967279
3250800327
2484171960
555557096
1798447618
4066391151
4080230290
1142045025
3934331591
780620577
2476003378
1991131576
4037536220
412820051
328845685
1043035222
451677151
902386378
1528030665
2945954684
2018094317
412041260
1212177483
1129966264
1901156768
1069414191
2656524692
3493991252
3451088879
953856682
3942714359
904191794
617367480
3709163061
382289012
1523064321
178680230
2762693502
2779191824
59723569
2336573707
1247794657
949660035
367280538
3781340140
3713046251
3682773431
3402804508
3896096294
1915400368
1154954268
3538366348
2581870943
2724061523
172724118
2313160957
1515909159
2510948115
4234444191
4150481661
2686696651
2722519100
3298687905
2718602072
3371505684
279680245
1482979919
1249638078
3747500201
1491365558
1053708996
524886052
410373921
2208312567
542255099
3184514277
2023995455
1959097044
1753779817
2049506706
2537436205
345971524
3415382535
3365814651
3892923352
2812574418
2168756105
3583300180
3810912238
2589341339
277305927
1823247331
178131245
4273610912
92657728
223070855
2647391644
3430883662
2760528753
4068974247
3047335212
3729470552
1653115130
3670562991
4272461999
882247685
2148260072
308951631
3314528218
721336904
2441669995
2315439904
3883935659
279574453
3904077177
3118708300
3382526111
474047622
1150301103
3064692425
3382837651
775966802
3014291164
2696167363
1583253871
1700184561
1360629435
1669812464
3166470699
2272548231
1567355930
182979829
1983243699
170231989
1660732767
2259291842
1009571100
1888387793
3176831460
3908475737
2777896153
1609469436
96185265
2343187316
1113123024
1301203713
4254120437
2412613731
1741876728
690788155
2265512246
118599691
1674928177
1547080183
3044113
3228269751
2079589049
1162062521
587641824
1953429133
366734590
2502329870
2136269320
562424549
2552450183
981296237
1809472619
2111480577
4004608039
2910297692
2055512871
3735559640
433280985
1581259283
2044634948
784140926
2970429370
764478503
338784201
4153475736
4175131078
958430321
3076931008
414782398
952780945
4251137249
2198147507
2400334049
146566515
3462898124
363828163
2313909389
2453754740
3173429017
3190389808
4226802239
2428525369
3978093578
3644093782
2575892835
3374382716
4258704045
3225628127
4208131738
1613939195
1798621686
2026599509
780441758
1706137425
1136504042
38990805
4103076253
3100376418
1818689841
1558218708
635161334
1126514582
264066012
4144045210
1129803436
915472069
1025248944
50890916
1180341986
594014710
1166787376
4138768810
56944936
2048962248
3312241032
368399467
3134012326
435313900
1917634338
3737084475
410606045
4180256597
2515525274
415592400
1993520394
1451254253
623051657
557315087
900088966
1497634804
1087309098
3332406843
4045528591
2655812032
1839886849
2739219123
2987108100
1058647998
3712099643
1838601633
1251266442
1260023076
498692421
2080516490
828025197
594755625
2908752664
2493930281
2890290784
675453389
165914737
660945899
957577499
1839708259
3187361989
2409653875
2745260516
496915540
788073913
1416600637
2965953970
1454396179
269351668
4213244191
3732123650
3855444343
3564567203
2809713413
1117638122
4198366221
188280573
2992756162
2523881915
88785034
2189167261
4197752412
623352395
2790716046
4063206981
2638295091
1460202784
1406264397
1497470689
3865363121
3975580051
3513867785
3194543224
3072208710
2646557188
1553067298
130535114
361666327
1371112196
706181226
2277188239
951747378
2228842473
1105029175
2778742071
1942249473
4197953455
2998622761
2300143057
2731907240
2467535945
1307167303
60346618
3404583807
346144177
3061342480
592478327
1002367556
1328412246
1236239040
3940053930
392736029
1954171312
3526039039
3031468465
2991399382
4288259173
1098511111
3738125833
2922618554
58213242
2814263381
502528238
2466300439
3272513420
3628196528
2925250805
1380505655
2555484957
1287648232
456465581
4142047160
2362294023
3138367869
3239411352
3937576886
1606302471
3983911577
1643042367
2908548347
1497113565
2848237914
2592570004
48764706
2189750629
2736411160
3520808626
1409312379
1731631050
1576882011
763350672
2633856709
4043252037
566746905
362123467
1445390111
565547459
1372973624
550218474
4085784977
585243
8718432
3765786734
2667010327
3509615359
1371060707
434679944
2231435170
2668580877
3918950643
3008543956
3798974225
860698343
984886807
1648103000
2059773766
3196364885
4066489617
176164081
83915165
521993330
3686245474
1785757152
468186885
740979463
73337627
2890174707
1962856899
3784986427
3682700293
184419985
2869804674
1470697520
1449132948
3270206806
265946550
3417894683
1390457989
3544236296
3283685371
1906517717
626252173
2361086340
1344007666
848409640
1144826549
1487199427
3773109128
5648106
3667974963
4252150828
4175051241
498987408
3533099620
3587916236
34738118
3513478733
1105900390
3085051244
583407245
1940818911
3298596048
2598057703
2874098333
556231125
1609200183
3531895287
2723864139
3538082450
4069550339
3139425704
3956697664
2688976039
1849058416
2050803155
1671860060
2905845334
2115628037
1691097364
2706547159
925112790
2587648592
665429436
1522819445
3028594280
557639062
255757455
573281731
3004567670
2284387295
3317988399
3717981476
41600261
3643532367
28473653
2114932015
3712664235
1082902537
2952892793
2707426016
1452521460
779073713
3939357013
531044789
923366587
473710258
3958825087
1710255987
309564225
2063971178
2071382297
2555782885
1433372639
857893290
1983639864
398532471
301763372
1290314214
1800975021
533395543
1934563854
3961928780
1552590731
925973943
3734247966
1044266393
3054994280
565862912
4154872511
2852993925
567688751
2061991332
1213092526
885296
1491415396
4051347223
1487855451
3820536365
2098124384
4169957836
3494933631
3049298566
1437615879
1292678555
3503013920
2529003597
1852724289
63751940
249678316
2579404662
1752868099
4008347724
4243161432
230372270
1717039110
691387237
1040065312
3156485665
3486756277
3253120856
2300592126
2196583042
429946979
2435071715
3184854906
1193691226
3335851012
1744045852
1122610717
2640272037
2530662466
2758509658
2605219075
2825530711
400824129
3644822716
1193233844
2065596598
987352410
153541836
1158974306
3246465900
2349240704
2150611072
2915239242
3996325591
2311520902
1546854163
3060230144
36669166
3323822972
457693230
1566898683
34359423
2814709980
3299555959
2341395294
2254702584
574954580
4183462521
1749610330
1866196852
3011638690
2705819455
2657157043
2785651669
2425286182
1030309677
1196781165
2632475854
900503906
2348488048
1455371974
24072723
3801803288
4076966009
2181115167
1870115105
1663869353
986917592
3836596430
3021083605
3051554338
3613437020
624337182
1309062528
3288176863
542196968
128946044
4275599158
1566914592
2409752357
3264507923
1983913158
3002081245
4012581636
1586944352
1962591918
2604212529
2970886638
4184827249
1034801246
1157030803
3988431025
672733189
3961146977
3621169104
1239692327
1723899608
2800667553
2902430428
4095420429
619162144
1867900432
907182267
3151384395
2605078806
347757911
1904717135
514194825
2593929911
2940256182
1360670651
3328995964
3528726024
2668083378
1060379929
3519950725
2553320442
1365582483
85168611
3765646810
1679331506
3286128095
533772764
3792583436
1940071198
2827496262
1726263623
2727844047
2517338243
609547367
4192595389
2185689215
139280424
2181274499
1933750520
433834561
1995260420
597645140
3002127363
941149946
2333276027
169289194
1480399536
2216866214
612233223
477338438
907415786
3043917929
4091785416
1643475151
3547202274
1061104636
779109334
3849725509
3055864650
1622813347
2573813776
88155595
1028709346
3255649451
759799018
1273552842
4011306001
1312545239
2275269607
801618966
1066533480
3908282345
1965858504
118851687
581923797
644999516
3469870998
1449247770
1171397315
874921904
1287749907
2669440020
315164031
3453028618
3920529478
1603079952
2508303408
4243148076
4194865622
3218845762
3947786872
2418144060
4225362703
3636340710
1537483384
2574137423
2939905355
1426788145
2440919153
2460997442
2913455525
2051402210
3262462627
608436355
2074474973
1970112579
2316792574
2313022804
2159777977
742169628
1373122846
3833489245
3258488595
1787390750
2530459543
29398696
1847059266
4268589672
2937168935
1616600374
3984870535
1504993733
4170639225
3056104857
2317175840
348291396
2495440784
1982571146
827203396
2952882792
3594034589
3744787866
2009722133
1793799478
3249597373
1184997741
1454212745
3052771484
2497068864
1699871785
1914920536
423891556
19961775
3589828266
107280424
2846591325
1663689294
1240130472
3209241355
495300406
3453000262
16667180
1380098322
4292763886
2829978174
1017101197
3677160964
3772362682
2542861503
4005038772
2248221607
928163282
2966735537
3669056375
445694787
3006320921
2755919501
3487237257
1859934742
2978340417
3285590829
105017454
400955125
3282997872
4197514056
265676819
3126589507
2259775546
1662622856
2544276131
2652416215
4112036203
3203644173
3634175394
1887142764
585075977
1581117600
1695968423
2695022992
137388211
2903618834
2387066111
442646198
3681818826
1166727349
3429966402
1351457252
252930847
2993941720
3512368041
3679218399
950137773
3571159431
3901117606
2061713701
2161834317
426476142
3117342413
748731869
3858132932
2314618559
3634349922
2212190294
4284537385
2534055757
4292599609
3056713491
2797718831
2794776890
3110882772
1002384757
820506539
3515690322
1895086404
4265426699
2725514223
89747445
3299667903
2895431400
3633031256
1798514684
510149934
1959554533
756856724
3914077947
10645754
2084080089
694501563
1572733936
1713992583
3551833141
1403683221
2142104250
3877686428
881075631
3716561771
1294427053
1800552007
4274970709
113984873
2604551814
134043835
3573585791
1813960890
1540857432
4239575365
795521528
2912106416
2546442296
1157040386
1694518789
2467032463
1131468967
2588044662
2368378820
734877289
4063271758
3330016794
1005506993
3930451413
2085243330
1693652945
2577304463
421932556
1785223605
4054848023
182863267
4116737053
128268340
2172122890
1406457732
3907392732
1964684851
1779285755
3197604984
3089900948
3390450930
2449630054
2033685536
3050262707
3005232461
2758388255
2123215557
2135479768
1508867103
1720493603
1563757797
1249593200
664592623
1075388387
1010619532
3870595007
2197486943
2483161324
4243828362
787062302
4214881807
2054806175
2700655040
1817582042
1493699543
1321598067
2767958523
890688595
2884047585
332856427
666560096
1472498158
124407081
669309648
986428101
3374047454
2954166945
3523312998
415512569
825805559
2378519777
859163001
3508101677
319106833
3502095919
1070834445
3917181429
3489722856
2109810667
1163108053
4165471943
4130086112
149738863
712308653
638032023
88480626
745886061
3620520406
2298737946
3284251389
2665633788
1174913350
67590618
3188319788
597956584
3995708164
186448332
2185431658
1201732740
2560007833
1385254281
3380149303
192091726
4002686468
2264924372
406617421
171884525
2377498045
1213440270
2545717996
543159432
93139818
2852593201
4158039060
3298111133
2568295829
3907040284
558223405
2374118195
3355810230
2572101278
859063178
764017779
3900197184
4063332206
2705879234
2683784359
2734013331
454413387
4247998049
864079634
11721887
469692163
2642997106
3485179058
867294779
1906249189
1385717289
1306148178
4221893061
1263745724
969649670
1018714195
2234934477
2534763889
1278009994
460553325
1919647225
380739829
2392266216
202779485
693979710
1362364906
1118134513
3074056229
1805239699
1824837294
1166615295
1018256875
1107648056
2028832108
2722170041
317707091
321905034
2571210176
3977128769
1603960561
2782107992
2457498542
735601501
2270794326
521945111
593657971
1827537003
3798102716
4275231619
1605463870
4209270948
2716856761
3194558384
518613212
74245024
3122999339
2075594952
4245143195
1992122235
3763629409
2845981762
2629852897
2261258218
4216146247
1532698671
519336477
535670147
793514328
1958532313
3246737949
1521859612
2799513529
3640145525
217699320
1060668266
498083162
52504862
121919787
174644336
1419305412
4258984991
815982710
376592208
338479308
3348673341
3952284703
1792118483
842957181
4285127841
4210014947
655434215
673423211
4104431461
2758931254
604459396
3097723048
171546637
4092136310
69414461
1906234860
3219931069
1420512385
36849040
1675834533
3377203000
438021794
2138896766
1356244922
3538248484
2100080848
3827727815
814374784
730902203
3788155810
1524041805
2383068182
1491687749
867129046
2813908597
3186400376
2165651517
1377330531
3045870356
2508255314
2286512578
1009261905
208585253
3005530254
3977494958
1516814367
2116283420
1535895904
3551207710
3180944758
2920820676
1662703538
1093046199
3113054409
595687621
4232292530
3823576266
3810861477
2212305256
1242456145
1205315869
805771915
606910598
984808558
2299971402
1297536061
2238367355
3024741502
520982299
2190879517
532926010
344968995
3809663862
2758829399
2249691018
3466197359
58692560
599442280
1536379551
2082965313
2896488688
548322474
1532614376
3571322734
108330415
1701933229
3213141921
1614643196
646145979
612837664
2416446000
3525494029
1714668653
196029903
3643590732
2438406787
4248778882
1605779
86969636
785840848
4128668570
143809778
3610843654
3887392750
2591547050
493750825
1011411293
3927182377
3844414864
4186046300
552676724
525930538
425053462
4060963320
2533923801
1531983642
4223249534
3040160095
3372381460
830464929
1598441219
3694801692
1120090637
2579929063
2327672970
2876564171
3159522754
3876658495
3035046956
640838813
3177285057
389066249
2062993136
1215583495
997131749
2156983712
591189657
516057799
25676595
863422220
3817640040
2001210147
552604221
725911141
453959264
3050249355
2554695431
2261029353
1213744976
2562576119
2670546408
3317230001
4061748514
2846116030
148378294
3989407708
2985957506
1550386269
574776186
2316546848
32585426
2460421194
1523360757
3695588658
2260604444
3647508598
127572753
1709595630
2496485218
1094143447
2731564867
4286143231
409321819
3106065543
646044508
4019653424
1056096026
2176535506
1030729451
3734709240
1618999289
3077277969
2723577280
1540800638
2226420156
3603258872
1978508227
2910009340
3682000145
2775051081
1655067319
4187429951
3696811068
1897261455
3114516031
1880905995
2568808800
1525019669
3066786406
3346720530
1159433597
3238820602
314379992
4000418790
2352709643
528055652
721997983
4067790054
1953724626
2334632885
3960777675
1898157624
4021601727
1495954027
1654194936
1188491333
2920252845
3702522433
2354678935
3620104500
323465434
234583306
916285364
3924073857
1899005123
1710989999
2482278242
2028534565
893930886
1022296084
2146946025
145589051
2852230589
1879632415
3918070733
3678871790
2715186786
4119373728
836431223
201789675
3608782426
2606086835
2517919299
4174862403
1874358380
2866762422
3005496048
1492871797
3307805427
204843259
2393301183
60791372
6009449
4123772261
4002669381
848318052
1261377291
2127370973
3030606813
2553829481
801858678
3932704206
1838771369
3611376113
1927955756
2259387880
918520369
1211383434
3906171462
620949613
904036905
208907306
1474813074
4186020804
2244148242
1340449905
705978893
263461511
2333878492
1481764505
3699704384
2644073000
1215126680
960951699
3449418293
2968105512
347324037
3870632264
479596936
3236065183
3485271232
555987088
492513637
965027345
1255286747
3867472012
424261263
2614827589
404611031
1890994986
4212068785
1152993767
1938753827
3841587112
2037302988
1426207166
615789658
3419729439
3862235629
580358446
3806478272
978190049
3676299240
2507906783
3998025055
1155605009
3257775302
3108039325
3427984938
4214106947
334957605
3130885298
1139098676
1991764384
2340615503
4098658663
1195686051
2865491684
2283616294
3386290555
250704340
1505180108
1201369839
1954231888
2514222738
814326786
1767626861
3074635538
956278986
3217661129
4170210160
3442356272
3220009977
516064729
2322485592
1951286938
4093002177
3806093554
3918669855
1409029764
857454568
3492149831
2068739235
2757665215
1637020426
3045657668
386541253
3103290071
1086886979
1158480029
867187133
3824366561
2509491330
3127584843
2527488047
3888938063
1160755740
2922414669
1077827159
2550474983
708354371
3525210720
2803634311
3043245391
898219107
3134355301
1103768816
746822645
3309368461
2689573932
594234032
2586018506
2666405287
1944379318
2792717367
1390476717
3699389766
1578682777
3068145502
1923798568
4145940270
3045764339
324411748
157065638
3790590858
1984799272
2398840271
2898911446
4190923115
769389277
1860015660
2684168376
1826297766
1477904199
3681683095
1506350737
693745366
2921090610
723228262
1078777729
2008451961
960034207
3525275440
2988624778
333007618
2009981015
3412610658
210671021
1233350180
2142130866
3657711636
1182056242
387313315
2882629127
1025281227
3385312635
3563115633
1116612065
2425155678
1850486019
2491847299
1615908307
23391779
3816449835
3714515191
4204542716
1329030310
1969024773
758093090
3652441181
2734799934
1531062295
119659939
668454354
3834946854
2757790124
3734804938
3191155214
2701996394
268263030
2137452144
1674019858
1606540499
4082743766
885570933
2016719012
4151223225
2459580992
114640690
1313669980
3380247034
1241670817
1799222081
511583777
1281995740
1963633297
2312979050
56943182
4083170567
3319011221
783648476
2787749452
3259862107
1813535314
2237879328
3376832923
3627209076
2308763159
926107667
3483829714
148704168
2171927048
3108462517
4000019224
3501314046
2301260959
1632699179
325725002
3257567006
2658673203
3810266298
951888038
175199190
1653878792
1793306808
2132563289
3548299543
3496471219
432314969
1558167010
3208308387
3532437363
2346814221
2969103050
1826423760
3743085742
2248434568
167787204
1559737459
3197764234
4174294692
3486549479
3656453718
3784803937
1518672592
946365258
2393027906
3557905157
1363184407
2750436948
718977215
571055908
1256387413
3787846452
3212250316
3204659303
232404089
3582670088
1411926364
2197691569
2424062568
165627215
2789635381
1867246528
1116863339
3168536658
1972877157
488258491
3744117391
1874706320
2336356663
3579071198
3086407833
3655574860
1410823223
1011327221
3374948965
2741483083
696504446
3405923048
130975590
2987901673
2064048176
3383565155
667940100
749998575
2497510143
803091939
861948145
1046693127
389910454
3313581570
2640270664
961696395
2137363219
236993579
783748333
744012691
3491645722
2395159095
812003416
3248513902
1752330290
734379391
3617250327
479397671
1403668051
2950776354
2613307302
3621066638
3269494530
850381020
1846532248
3915292696
1925434452
267460507
3337484525
215022017
357195894
1986377813
1004572463
125239139
1710246756
1586922908
110824034
1417500600
2087710749
3780224515
2476912254
213558938
3049673657
2270154781
3996981219
73509346
294050791
2331573316
2063631095
223183083
2242676124
3653932661
2737366706
4209646078
3336581106
3201925333
1043517153
3194358978
3412993481
4122647464
3800191316
2367978868
3630374822
2788886544
2592678547
1488784369
2663229464
3424621491
618001290
2606441808
87375367
2135230934
3547087010
1013065255
2840993880
578775019
2286831823
1288181964
804423273
786861014
269671901
2472313131
1689275808
2508863616
3964983856
850842508
1529826824
1313720331
1462084079
3743896501
1584701054
1371792772
3270731139
1834553104
4180543121
2529395620
3319066944
3093396410
645702902
2163472659
808281913
1871708147
1889600297
353480089
2828751183
1318574796
600415520
3991200219
1191894666
177961122
3519140682
483686957
455627314
2527740297
4100505616
1431488315
466786266
3588518176
1375249667
2940441071
372642299
4183628563
608120288
457289367
311347427
2114989526
1364715048
2562912487
4040656263
3278994913
2868694866
3976028848
3804896831
1107792300
498319082
107314613
2319097271
3000071031
1579086423
3140569538
3376991816
3523187401
3265419920
860983916
1124831203
2659703657
1104063925
1767477975
2347643170
489685159
609982645
3660480300
1260791345
3644069885
385348678
2238197136
2024407891
2930256200
3094687149
2208805693
2553419949
856097213
633714095
3226059941
1644800304
3879881299
857314638
1324907986
2701833013
409675330
712399123
2402212502
1364324674
3285523192
3471541955
3102529073
1541620805
2812058413
3418302937
488367081
1188290500
1925550750
3147527940
1467281893
3045404973
1639810803
1498531996
2040137804
1801356783
2370150223
573313751
3952985095
1087187938
1861519944
1003405703
2306883980
2991926733
4058951474
2546567638
835608696
665966312
3293015930
1361537400
2554065806
1354339570
2624128608
1514812251
1098330787
